Class,Name,Domain Bucket
Itemtype,https://schema.org/3DModel,< 1K
Itemtype,https://schema.org/AMRadioChannel,< 1K
Itemtype,https://schema.org/APIReference,1K - 10K
Itemtype,https://schema.org/AboutPage,1M - 10M
Itemtype,https://schema.org/AcceptAction,< 1K
Itemtype,https://schema.org/Accommodation,10K - 100K
Itemtype,https://schema.org/AccountingService,10K - 100K
Itemtype,https://schema.org/AchieveAction,< 1K
Itemtype,https://schema.org/Action,10K - 100K
Itemtype,https://schema.org/ActionAccessSpecification,< 1K
Itemtype,https://schema.org/ActionStatusType,< 1K
Itemtype,https://schema.org/ActivateAction,< 1K
Itemtype,https://schema.org/AddAction,< 1K
Itemtype,https://schema.org/AdministrativeArea,100K - 1M
Itemtype,https://schema.org/AdultEntertainment,1K - 10K
Itemtype,https://schema.org/AdultOrientedEnumeration,< 1K
Itemtype,https://schema.org/AdvertiserContentArticle,1K - 10K
Itemtype,https://schema.org/AggregateOffer,1M - 10M
Itemtype,https://schema.org/AggregateRating,1M - 10M
Itemtype,https://schema.org/AgreeAction,< 1K
Itemtype,https://schema.org/Airline,1K - 10K
Itemtype,https://schema.org/Airport,1K - 10K
Itemtype,https://schema.org/AlignmentObject,1K - 10K
Itemtype,https://schema.org/AllocateAction,< 1K
Itemtype,https://schema.org/AmpStory,< 1K
Itemtype,https://schema.org/AmusementPark,1K - 10K
Itemtype,https://schema.org/AnalysisNewsArticle,1K - 10K
Itemtype,https://schema.org/AnatomicalStructure,1K - 10K
Itemtype,https://schema.org/AnatomicalSystem,< 1K
Itemtype,https://schema.org/AnimalShelter,1K - 10K
Itemtype,https://schema.org/Answer,1M - 10M
Itemtype,https://schema.org/Apartment,10K - 100K
Itemtype,https://schema.org/ApartmentComplex,10K - 100K
Itemtype,https://schema.org/AppendAction,< 1K
Itemtype,https://schema.org/ApplyAction,1K - 10K
Itemtype,https://schema.org/ApprovedIndication,< 1K
Itemtype,https://schema.org/Aquarium,< 1K
Itemtype,https://schema.org/ArchiveComponent,< 1K
Itemtype,https://schema.org/ArchiveOrganization,1K - 10K
Itemtype,https://schema.org/ArriveAction,< 1K
Itemtype,https://schema.org/ArtGallery,1K - 10K
Itemtype,https://schema.org/Artery,< 1K
Itemtype,https://schema.org/Article,10M+
Itemtype,https://schema.org/AskAction,1K - 10K
Itemtype,https://schema.org/AskPublicNewsArticle,< 1K
Itemtype,https://schema.org/AssessAction,< 1K
Itemtype,https://schema.org/AssignAction,< 1K
Itemtype,https://schema.org/Atlas,< 1K
Itemtype,https://schema.org/Attorney,10K - 100K
Itemtype,https://schema.org/Audience,100K - 1M
Itemtype,https://schema.org/AudioObject,10K - 100K
Itemtype,https://schema.org/AudioObjectSnapshot,< 1K
Itemtype,https://schema.org/Audiobook,< 1K
Itemtype,https://schema.org/AuthenticateAction,< 1K
Itemtype,https://schema.org/AuthorizeAction,< 1K
Itemtype,https://schema.org/AutoBodyShop,1K - 10K
Itemtype,https://schema.org/AutoDealer,10K - 100K
Itemtype,https://schema.org/AutoPartsStore,10K - 100K
Itemtype,https://schema.org/AutoRental,10K - 100K
Itemtype,https://schema.org/AutoRepair,10K - 100K
Itemtype,https://schema.org/AutoWash,1K - 10K
Itemtype,https://schema.org/AutomatedTeller,< 1K
Itemtype,https://schema.org/AutomotiveBusiness,10K - 100K
Itemtype,https://schema.org/BackgroundNewsArticle,< 1K
Itemtype,https://schema.org/Bakery,1K - 10K
Itemtype,https://schema.org/BankAccount,< 1K
Itemtype,https://schema.org/BankOrCreditUnion,1K - 10K
Itemtype,https://schema.org/BarOrPub,10K - 100K
Itemtype,https://schema.org/Barcode,< 1K
Itemtype,https://schema.org/Beach,1K - 10K
Itemtype,https://schema.org/BeautySalon,10K - 100K
Itemtype,https://schema.org/BedAndBreakfast,1K - 10K
Itemtype,https://schema.org/BedDetails,10K - 100K
Itemtype,https://schema.org/BedType,< 1K
Itemtype,https://schema.org/BefriendAction,< 1K
Itemtype,https://schema.org/BikeStore,1K - 10K
Itemtype,https://schema.org/BioChemEntity,< 1K
Itemtype,https://schema.org/Blog,1M - 10M
Itemtype,https://schema.org/BlogPosting,1M - 10M
Itemtype,https://schema.org/BloodTest,1K - 10K
Itemtype,https://schema.org/BoardingPolicyType,< 1K
Itemtype,https://schema.org/BoatReservation,< 1K
Itemtype,https://schema.org/BoatTerminal,< 1K
Itemtype,https://schema.org/BoatTrip,< 1K
Itemtype,https://schema.org/BodyMeasurementTypeEnumeration,< 1K
Itemtype,https://schema.org/BodyOfWater,< 1K
Itemtype,https://schema.org/Bone,< 1K
Itemtype,https://schema.org/Book,10K - 100K
Itemtype,https://schema.org/BookFormatType,< 1K
Itemtype,https://schema.org/BookSeries,1K - 10K
Itemtype,https://schema.org/BookStore,1K - 10K
Itemtype,https://schema.org/BookmarkAction,< 1K
Itemtype,https://schema.org/Boolean,< 1K
Itemtype,https://schema.org/BorrowAction,< 1K
Itemtype,https://schema.org/BowlingAlley,< 1K
Itemtype,https://schema.org/BrainStructure,< 1K
Itemtype,https://schema.org/Brand,1M - 10M
Itemtype,https://schema.org/BreadcrumbList,10M+
Itemtype,https://schema.org/Brewery,1K - 10K
Itemtype,https://schema.org/Bridge,< 1K
Itemtype,https://schema.org/BroadcastChannel,< 1K
Itemtype,https://schema.org/BroadcastEvent,10K - 100K
Itemtype,https://schema.org/BroadcastFrequencySpecification,< 1K
Itemtype,https://schema.org/BroadcastService,1K - 10K
Itemtype,https://schema.org/BrokerageAccount,< 1K
Itemtype,https://schema.org/BuddhistTemple,< 1K
Itemtype,https://schema.org/BusOrCoach,< 1K
Itemtype,https://schema.org/BusReservation,< 1K
Itemtype,https://schema.org/BusStation,< 1K
Itemtype,https://schema.org/BusStop,< 1K
Itemtype,https://schema.org/BusTrip,1K - 10K
Itemtype,https://schema.org/BusinessAudience,10K - 100K
Itemtype,https://schema.org/BusinessEntityType,< 1K
Itemtype,https://schema.org/BusinessEvent,1K - 10K
Itemtype,https://schema.org/BusinessFunction,< 1K
Itemtype,https://schema.org/BuyAction,1M - 10M
Itemtype,https://schema.org/CDCPMDRecord,< 1K
Itemtype,https://schema.org/CableOrSatelliteService,< 1K
Itemtype,https://schema.org/CafeOrCoffeeShop,10K - 100K
Itemtype,https://schema.org/Campground,1K - 10K
Itemtype,https://schema.org/CampingPitch,< 1K
Itemtype,https://schema.org/Canal,< 1K
Itemtype,https://schema.org/CancelAction,< 1K
Itemtype,https://schema.org/Car,10K - 100K
Itemtype,https://schema.org/CarUsageType,< 1K
Itemtype,https://schema.org/Casino,100K - 1M
Itemtype,https://schema.org/CategoryCode,1K - 10K
Itemtype,https://schema.org/CategoryCodeSet,< 1K
Itemtype,https://schema.org/CatholicChurch,< 1K
Itemtype,https://schema.org/Cemetery,< 1K
Itemtype,https://schema.org/Certification,10K - 100K
Itemtype,https://schema.org/CertificationStatusEnumeration,< 1K
Itemtype,https://schema.org/Chapter,1K - 10K
Itemtype,https://schema.org/CheckAction,< 1K
Itemtype,https://schema.org/CheckInAction,< 1K
Itemtype,https://schema.org/CheckOutAction,< 1K
Itemtype,https://schema.org/CheckoutPage,1K - 10K
Itemtype,https://schema.org/ChemicalSubstance,1K - 10K
Itemtype,https://schema.org/ChildCare,1K - 10K
Itemtype,https://schema.org/ChildrensEvent,< 1K
Itemtype,https://schema.org/ChooseAction,1K - 10K
Itemtype,https://schema.org/Church,1K - 10K
Itemtype,https://schema.org/City,100K - 1M
Itemtype,https://schema.org/CityHall,< 1K
Itemtype,https://schema.org/CivicStructure,1K - 10K
Itemtype,https://schema.org/Claim,1K - 10K
Itemtype,https://schema.org/ClaimReview,1K - 10K
Itemtype,https://schema.org/Class,< 1K
Itemtype,https://schema.org/Clip,10K - 100K
Itemtype,https://schema.org/ClothingStore,10K - 100K
Itemtype,https://schema.org/Code,< 1K
Itemtype,https://schema.org/Collection,10K - 100K
Itemtype,https://schema.org/CollectionPage,1M - 10M
Itemtype,https://schema.org/CollegeOrUniversity,10K - 100K
Itemtype,https://schema.org/ComedyClub,< 1K
Itemtype,https://schema.org/ComedyEvent,1K - 10K
Itemtype,https://schema.org/ComicCoverArt,< 1K
Itemtype,https://schema.org/ComicIssue,< 1K
Itemtype,https://schema.org/ComicSeries,1K - 10K
Itemtype,https://schema.org/ComicStory,< 1K
Itemtype,https://schema.org/Comment,100K - 1M
Itemtype,https://schema.org/CommentAction,1M - 10M
Itemtype,https://schema.org/CommunicateAction,10K - 100K
Itemtype,https://schema.org/CommunityHealth,1K - 10K
Itemtype,https://schema.org/CompleteDataFeed,< 1K
Itemtype,https://schema.org/CompoundPriceSpecification,1K - 10K
Itemtype,https://schema.org/ComputerLanguage,< 1K
Itemtype,https://schema.org/ComputerStore,1K - 10K
Itemtype,https://schema.org/ConferenceEvent,< 1K
Itemtype,https://schema.org/ConfirmAction,< 1K
Itemtype,https://schema.org/Consortium,< 1K
Itemtype,https://schema.org/ConstraintNode,< 1K
Itemtype,https://schema.org/ConsumeAction,< 1K
Itemtype,https://schema.org/ContactPage,1M - 10M
Itemtype,https://schema.org/ContactPoint,1M - 10M
Itemtype,https://schema.org/ContactPointOption,< 1K
Itemtype,https://schema.org/Continent,1K - 10K
Itemtype,https://schema.org/ControlAction,< 1K
Itemtype,https://schema.org/ConvenienceStore,1K - 10K
Itemtype,https://schema.org/Conversation,< 1K
Itemtype,https://schema.org/CookAction,< 1K
Itemtype,https://schema.org/Cooperative,< 1K
Itemtype,https://schema.org/Corporation,100K - 1M
Itemtype,https://schema.org/CorrectionComment,< 1K
Itemtype,https://schema.org/Country,1M - 10M
Itemtype,https://schema.org/Course,100K - 1M
Itemtype,https://schema.org/CourseInstance,10K - 100K
Itemtype,https://schema.org/Courthouse,< 1K
Itemtype,https://schema.org/CoverArt,< 1K
Itemtype,https://schema.org/CovidTestingFacility,< 1K
Itemtype,https://schema.org/CreateAction,1K - 10K
Itemtype,https://schema.org/CreativeWork,1M - 10M
Itemtype,https://schema.org/CreativeWorkSeason,1K - 10K
Itemtype,https://schema.org/CreativeWorkSeries,10K - 100K
Itemtype,https://schema.org/Credential,10K - 100K
Itemtype,https://schema.org/CreditCard,1K - 10K
Itemtype,https://schema.org/Crematorium,< 1K
Itemtype,https://schema.org/CriticReview,< 1K
Itemtype,https://schema.org/CssSelectorType,< 1K
Itemtype,https://schema.org/CurrencyConversionService,< 1K
Itemtype,https://schema.org/DDxElement,< 1K
Itemtype,https://schema.org/DENonprofitType,< 1K
Itemtype,https://schema.org/DanceEvent,< 1K
Itemtype,https://schema.org/DanceGroup,< 1K
Itemtype,https://schema.org/DataCatalog,1K - 10K
Itemtype,https://schema.org/DataDownload,10K - 100K
Itemtype,https://schema.org/DataFeed,1K - 10K
Itemtype,https://schema.org/DataFeedItem,< 1K
Itemtype,https://schema.org/DataType,< 1K
Itemtype,https://schema.org/Dataset,10K - 100K
Itemtype,https://schema.org/Date,< 1K
Itemtype,https://schema.org/DateTime,< 1K
Itemtype,https://schema.org/DatedMoneySpecification,< 1K
Itemtype,https://schema.org/DayOfWeek,10K - 100K
Itemtype,https://schema.org/DaySpa,1K - 10K
Itemtype,https://schema.org/DeactivateAction,< 1K
Itemtype,https://schema.org/DefenceEstablishment,< 1K
Itemtype,https://schema.org/DefinedRegion,100K - 1M
Itemtype,https://schema.org/DefinedTerm,10K - 100K
Itemtype,https://schema.org/DefinedTermSet,10K - 100K
Itemtype,https://schema.org/DeleteAction,< 1K
Itemtype,https://schema.org/DeliveryChargeSpecification,10K - 100K
Itemtype,https://schema.org/DeliveryEvent,< 1K
Itemtype,https://schema.org/DeliveryMethod,1K - 10K
Itemtype,https://schema.org/DeliveryTimeSettings,< 1K
Itemtype,https://schema.org/Demand,1K - 10K
Itemtype,https://schema.org/Dentist,10K - 100K
Itemtype,https://schema.org/DepartAction,< 1K
Itemtype,https://schema.org/DepartmentStore,1K - 10K
Itemtype,https://schema.org/DepositAccount,< 1K
Itemtype,https://schema.org/Dermatology,1K - 10K
Itemtype,https://schema.org/DiagnosticLab,1K - 10K
Itemtype,https://schema.org/DiagnosticProcedure,< 1K
Itemtype,https://schema.org/Diet,< 1K
Itemtype,https://schema.org/DietNutrition,1K - 10K
Itemtype,https://schema.org/DietarySupplement,1K - 10K
Itemtype,https://schema.org/DigitalDocument,10K - 100K
Itemtype,https://schema.org/DigitalDocumentPermission,< 1K
Itemtype,https://schema.org/DigitalDocumentPermissionType,< 1K
Itemtype,https://schema.org/DigitalPlatformEnumeration,< 1K
Itemtype,https://schema.org/DisagreeAction,< 1K
Itemtype,https://schema.org/DiscoverAction,< 1K
Itemtype,https://schema.org/DiscussionForumPosting,10K - 100K
Itemtype,https://schema.org/DislikeAction,1K - 10K
Itemtype,https://schema.org/Distance,1K - 10K
Itemtype,https://schema.org/Distillery,< 1K
Itemtype,https://schema.org/DonateAction,1K - 10K
Itemtype,https://schema.org/DoseSchedule,< 1K
Itemtype,https://schema.org/DownloadAction,10K - 100K
Itemtype,https://schema.org/DrawAction,< 1K
Itemtype,https://schema.org/Drawing,< 1K
Itemtype,https://schema.org/DrinkAction,< 1K
Itemtype,https://schema.org/DriveWheelConfigurationValue,< 1K
Itemtype,https://schema.org/Drug,1K - 10K
Itemtype,https://schema.org/DrugClass,1K - 10K
Itemtype,https://schema.org/DrugCost,< 1K
Itemtype,https://schema.org/DrugCostCategory,< 1K
Itemtype,https://schema.org/DrugLegalStatus,< 1K
Itemtype,https://schema.org/DrugPregnancyCategory,< 1K
Itemtype,https://schema.org/DrugPrescriptionStatus,< 1K
Itemtype,https://schema.org/DrugStrength,< 1K
Itemtype,https://schema.org/DryCleaningOrLaundry,1K - 10K
Itemtype,https://schema.org/Duration,10K - 100K
Itemtype,https://schema.org/EUEnergyEfficiencyEnumeration,< 1K
Itemtype,https://schema.org/EatAction,< 1K
Itemtype,https://schema.org/EducationEvent,1K - 10K
Itemtype,https://schema.org/EducationalAudience,10K - 100K
Itemtype,https://schema.org/EducationalOccupationalCredential,100K - 1M
Itemtype,https://schema.org/EducationalOccupationalProgram,1K - 10K
Itemtype,https://schema.org/EducationalOrganization,100K - 1M
Itemtype,https://schema.org/Electrician,10K - 100K
Itemtype,https://schema.org/ElectronicsStore,1K - 10K
Itemtype,https://schema.org/ElementarySchool,< 1K
Itemtype,https://schema.org/EmailMessage,< 1K
Itemtype,https://schema.org/Embassy,< 1K
Itemtype,https://schema.org/Emergency,< 1K
Itemtype,https://schema.org/EmergencyService,1K - 10K
Itemtype,https://schema.org/EmployeeRole,< 1K
Itemtype,https://schema.org/EmployerAggregateRating,1K - 10K
Itemtype,https://schema.org/EmployerReview,< 1K
Itemtype,https://schema.org/EmploymentAgency,1K - 10K
Itemtype,https://schema.org/EndorseAction,< 1K
Itemtype,https://schema.org/EndorsementRating,< 1K
Itemtype,https://schema.org/Energy,< 1K
Itemtype,https://schema.org/EnergyConsumptionDetails,1K - 10K
Itemtype,https://schema.org/EnergyEfficiencyEnumeration,< 1K
Itemtype,https://schema.org/EnergyStarEnergyEfficiencyEnumeration,< 1K
Itemtype,https://schema.org/EngineSpecification,10K - 100K
Itemtype,https://schema.org/EntertainmentBusiness,10K - 100K
Itemtype,https://schema.org/EntryPoint,10M+
Itemtype,https://schema.org/Enumeration,1K - 10K
Itemtype,https://schema.org/Episode,1K - 10K
Itemtype,https://schema.org/Error,< 1K
Itemtype,https://schema.org/Event,100K - 1M
Itemtype,https://schema.org/EventAttendanceModeEnumeration,< 1K
Itemtype,https://schema.org/EventReservation,< 1K
Itemtype,https://schema.org/EventSeries,1K - 10K
Itemtype,https://schema.org/EventStatusType,< 1K
Itemtype,https://schema.org/EventVenue,10K - 100K
Itemtype,https://schema.org/ExchangeRateSpecification,1K - 10K
Itemtype,https://schema.org/ExerciseAction,< 1K
Itemtype,https://schema.org/ExerciseGym,1K - 10K
Itemtype,https://schema.org/ExercisePlan,< 1K
Itemtype,https://schema.org/ExhibitionEvent,1K - 10K
Itemtype,https://schema.org/FAQPage,1M - 10M
Itemtype,https://schema.org/FMRadioChannel,< 1K
Itemtype,https://schema.org/FastFoodRestaurant,1K - 10K
Itemtype,https://schema.org/Festival,1K - 10K
Itemtype,https://schema.org/FilmAction,< 1K
Itemtype,https://schema.org/FinancialIncentive,< 1K
Itemtype,https://schema.org/FinancialProduct,10K - 100K
Itemtype,https://schema.org/FinancialService,10K - 100K
Itemtype,https://schema.org/FindAction,1K - 10K
Itemtype,https://schema.org/FireStation,< 1K
Itemtype,https://schema.org/Flight,1K - 10K
Itemtype,https://schema.org/FlightReservation,< 1K
Itemtype,https://schema.org/Float,< 1K
Itemtype,https://schema.org/FloorPlan,10K - 100K
Itemtype,https://schema.org/Florist,10K - 100K
Itemtype,https://schema.org/FollowAction,10K - 100K
Itemtype,https://schema.org/FoodEstablishment,10K - 100K
Itemtype,https://schema.org/FoodEstablishmentReservation,1K - 10K
Itemtype,https://schema.org/FoodEvent,1K - 10K
Itemtype,https://schema.org/FoodService,1K - 10K
Itemtype,https://schema.org/FulfillmentTypeEnumeration,< 1K
Itemtype,https://schema.org/FundingAgency,< 1K
Itemtype,https://schema.org/FundingScheme,< 1K
Itemtype,https://schema.org/FurnitureStore,10K - 100K
Itemtype,https://schema.org/Game,100K - 1M
Itemtype,https://schema.org/GameAvailabilityEnumeration,< 1K
Itemtype,https://schema.org/GamePlayMode,< 1K
Itemtype,https://schema.org/GameServer,1K - 10K
Itemtype,https://schema.org/GameServerStatus,< 1K
Itemtype,https://schema.org/GardenStore,1K - 10K
Itemtype,https://schema.org/GasStation,1K - 10K
Itemtype,https://schema.org/GatedResidenceCommunity,< 1K
Itemtype,https://schema.org/GenderType,< 1K
Itemtype,https://schema.org/Gene,< 1K
Itemtype,https://schema.org/GeneralContractor,10K - 100K
Itemtype,https://schema.org/GeoCircle,100K - 1M
Itemtype,https://schema.org/GeoCoordinates,1M - 10M
Itemtype,https://schema.org/GeoShape,10K - 100K
Itemtype,https://schema.org/GeospatialGeometry,< 1K
Itemtype,https://schema.org/Geriatric,< 1K
Itemtype,https://schema.org/GiveAction,< 1K
Itemtype,https://schema.org/GolfCourse,1K - 10K
Itemtype,https://schema.org/GovernmentBenefitsType,< 1K
Itemtype,https://schema.org/GovernmentBuilding,< 1K
Itemtype,https://schema.org/GovernmentOffice,1K - 10K
Itemtype,https://schema.org/GovernmentOrganization,10K - 100K
Itemtype,https://schema.org/GovernmentPermit,< 1K
Itemtype,https://schema.org/GovernmentService,1K - 10K
Itemtype,https://schema.org/Grant,1K - 10K
Itemtype,https://schema.org/GroceryStore,1K - 10K
Itemtype,https://schema.org/Guide,1K - 10K
Itemtype,https://schema.org/Gynecologic,< 1K
Itemtype,https://schema.org/HVACBusiness,10K - 100K
Itemtype,https://schema.org/Hackathon,< 1K
Itemtype,https://schema.org/HairSalon,10K - 100K
Itemtype,https://schema.org/HardwareStore,1K - 10K
Itemtype,https://schema.org/HealthAndBeautyBusiness,10K - 100K
Itemtype,https://schema.org/HealthAspectEnumeration,< 1K
Itemtype,https://schema.org/HealthClub,1K - 10K
Itemtype,https://schema.org/HealthInsurancePlan,< 1K
Itemtype,https://schema.org/HealthPlanCostSharingSpecification,< 1K
Itemtype,https://schema.org/HealthPlanFormulary,< 1K
Itemtype,https://schema.org/HealthPlanNetwork,< 1K
Itemtype,https://schema.org/HealthTopicContent,< 1K
Itemtype,https://schema.org/HighSchool,1K - 10K
Itemtype,https://schema.org/HinduTemple,< 1K
Itemtype,https://schema.org/HobbyShop,1K - 10K
Itemtype,https://schema.org/HomeAndConstructionBusiness,100K - 1M
Itemtype,https://schema.org/HomeGoodsStore,1K - 10K
Itemtype,https://schema.org/Hospital,10K - 100K
Itemtype,https://schema.org/Hostel,1K - 10K
Itemtype,https://schema.org/Hotel,100K - 1M
Itemtype,https://schema.org/HotelRoom,10K - 100K
Itemtype,https://schema.org/House,10K - 100K
Itemtype,https://schema.org/HousePainter,1K - 10K
Itemtype,https://schema.org/HowTo,100K - 1M
Itemtype,https://schema.org/HowToDirection,10K - 100K
Itemtype,https://schema.org/HowToItem,< 1K
Itemtype,https://schema.org/HowToSection,10K - 100K
Itemtype,https://schema.org/HowToStep,100K - 1M
Itemtype,https://schema.org/HowToSupply,10K - 100K
Itemtype,https://schema.org/HowToTip,1K - 10K
Itemtype,https://schema.org/HowToTool,10K - 100K
Itemtype,https://schema.org/HyperToc,< 1K
Itemtype,https://schema.org/HyperTocEntry,< 1K
Itemtype,https://schema.org/IPTCDigitalSourceEnumeration,< 1K
Itemtype,https://schema.org/ITNonprofitType,< 1K
Itemtype,https://schema.org/IceCreamShop,1K - 10K
Itemtype,https://schema.org/IgnoreAction,< 1K
Itemtype,https://schema.org/ImageGallery,1M - 10M
Itemtype,https://schema.org/ImageObject,10M+
Itemtype,https://schema.org/ImageObjectSnapshot,< 1K
Itemtype,https://schema.org/ImagingTest,< 1K
Itemtype,https://schema.org/IncentiveQualifiedExpenseType,< 1K
Itemtype,https://schema.org/IncentiveStatus,< 1K
Itemtype,https://schema.org/IncentiveType,< 1K
Itemtype,https://schema.org/IndividualPhysician,1K - 10K
Itemtype,https://schema.org/IndividualProduct,10K - 100K
Itemtype,https://schema.org/InfectiousAgentClass,< 1K
Itemtype,https://schema.org/InfectiousDisease,< 1K
Itemtype,https://schema.org/InformAction,< 1K
Itemtype,https://schema.org/InsertAction,< 1K
Itemtype,https://schema.org/InstallAction,< 1K
Itemtype,https://schema.org/InstantaneousEvent,< 1K
Itemtype,https://schema.org/InsuranceAgency,10K - 100K
Itemtype,https://schema.org/Intangible,1K - 10K
Itemtype,https://schema.org/Integer,< 1K
Itemtype,https://schema.org/InteractAction,1K - 10K
Itemtype,https://schema.org/InteractionCounter,100K - 1M
Itemtype,https://schema.org/InternetCafe,< 1K
Itemtype,https://schema.org/InvestmentFund,< 1K
Itemtype,https://schema.org/InvestmentOrDeposit,< 1K
Itemtype,https://schema.org/InviteAction,< 1K
Itemtype,https://schema.org/Invoice,< 1K
Itemtype,https://schema.org/ItemAvailability,1K - 10K
Itemtype,https://schema.org/ItemList,1M - 10M
Itemtype,https://schema.org/ItemListOrderType,< 1K
Itemtype,https://schema.org/ItemPage,1M - 10M
Itemtype,https://schema.org/JewelryStore,10K - 100K
Itemtype,https://schema.org/JobPosting,100K - 1M
Itemtype,https://schema.org/JoinAction,1K - 10K
Itemtype,https://schema.org/Joint,< 1K
Itemtype,https://schema.org/LakeBodyOfWater,< 1K
Itemtype,https://schema.org/Landform,1K - 10K
Itemtype,https://schema.org/LandmarksOrHistoricalBuildings,1K - 10K
Itemtype,https://schema.org/Language,10K - 100K
Itemtype,https://schema.org/LearningResource,10K - 100K
Itemtype,https://schema.org/LeaveAction,< 1K
Itemtype,https://schema.org/LegalForceStatus,< 1K
Itemtype,https://schema.org/LegalService,10K - 100K
Itemtype,https://schema.org/LegalValueLevel,< 1K
Itemtype,https://schema.org/Legislation,1K - 10K
Itemtype,https://schema.org/LegislationObject,< 1K
Itemtype,https://schema.org/LegislativeBuilding,< 1K
Itemtype,https://schema.org/LendAction,< 1K
Itemtype,https://schema.org/Library,1K - 10K
Itemtype,https://schema.org/LibrarySystem,< 1K
Itemtype,https://schema.org/LifestyleModification,< 1K
Itemtype,https://schema.org/Ligament,< 1K
Itemtype,https://schema.org/LikeAction,10K - 100K
Itemtype,https://schema.org/LinkRole,< 1K
Itemtype,https://schema.org/LiquorStore,1K - 10K
Itemtype,https://schema.org/ListItem,10M+
Itemtype,https://schema.org/ListenAction,1K - 10K
Itemtype,https://schema.org/Literal,< 1K
Itemtype,https://schema.org/LiteraryEvent,< 1K
Itemtype,https://schema.org/LiveBlogPosting,1K - 10K
Itemtype,https://schema.org/LoanOrCredit,1K - 10K
Itemtype,https://schema.org/LocalBusiness,1M - 10M
Itemtype,https://schema.org/LocationFeatureSpecification,100K - 1M
Itemtype,https://schema.org/Locksmith,10K - 100K
Itemtype,https://schema.org/LodgingBusiness,10K - 100K
Itemtype,https://schema.org/LodgingReservation,1K - 10K
Itemtype,https://schema.org/LoginAction,1K - 10K
Itemtype,https://schema.org/LoseAction,< 1K
Itemtype,https://schema.org/LymphaticVessel,< 1K
Itemtype,https://schema.org/Manuscript,< 1K
Itemtype,https://schema.org/Map,10K - 100K
Itemtype,https://schema.org/MapCategoryType,< 1K
Itemtype,https://schema.org/MarryAction,< 1K
Itemtype,https://schema.org/Mass,< 1K
Itemtype,https://schema.org/MathSolver,< 1K
Itemtype,https://schema.org/MaximumDoseSchedule,< 1K
Itemtype,https://schema.org/MeasurementMethodEnum,< 1K
Itemtype,https://schema.org/MeasurementTypeEnumeration,< 1K
Itemtype,https://schema.org/MediaEnumeration,< 1K
Itemtype,https://schema.org/MediaGallery,1K - 10K
Itemtype,https://schema.org/MediaManipulationRatingEnumeration,< 1K
Itemtype,https://schema.org/MediaObject,100K - 1M
Itemtype,https://schema.org/MediaReview,< 1K
Itemtype,https://schema.org/MediaReviewItem,< 1K
Itemtype,https://schema.org/MediaSubscription,< 1K
Itemtype,https://schema.org/MedicalAudience,10K - 100K
Itemtype,https://schema.org/MedicalAudienceType,< 1K
Itemtype,https://schema.org/MedicalBusiness,100K - 1M
Itemtype,https://schema.org/MedicalCause,1K - 10K
Itemtype,https://schema.org/MedicalClinic,10K - 100K
Itemtype,https://schema.org/MedicalCode,1K - 10K
Itemtype,https://schema.org/MedicalCondition,10K - 100K
Itemtype,https://schema.org/MedicalConditionStage,< 1K
Itemtype,https://schema.org/MedicalContraindication,< 1K
Itemtype,https://schema.org/MedicalDevice,1K - 10K
Itemtype,https://schema.org/MedicalDevicePurpose,< 1K
Itemtype,https://schema.org/MedicalEntity,1K - 10K
Itemtype,https://schema.org/MedicalEnumeration,< 1K
Itemtype,https://schema.org/MedicalEvidenceLevel,< 1K
Itemtype,https://schema.org/MedicalGuideline,1K - 10K
Itemtype,https://schema.org/MedicalGuidelineContraindication,< 1K
Itemtype,https://schema.org/MedicalGuidelineRecommendation,< 1K
Itemtype,https://schema.org/MedicalImagingTechnique,< 1K
Itemtype,https://schema.org/MedicalIndication,1K - 10K
Itemtype,https://schema.org/MedicalIntangible,< 1K
Itemtype,https://schema.org/MedicalObservationalStudy,< 1K
Itemtype,https://schema.org/MedicalObservationalStudyDesign,< 1K
Itemtype,https://schema.org/MedicalOrganization,10K - 100K
Itemtype,https://schema.org/MedicalProcedure,10K - 100K
Itemtype,https://schema.org/MedicalProcedureType,< 1K
Itemtype,https://schema.org/MedicalRiskCalculator,< 1K
Itemtype,https://schema.org/MedicalRiskEstimator,< 1K
Itemtype,https://schema.org/MedicalRiskFactor,1K - 10K
Itemtype,https://schema.org/MedicalRiskScore,< 1K
Itemtype,https://schema.org/MedicalScholarlyArticle,1K - 10K
Itemtype,https://schema.org/MedicalSign,< 1K
Itemtype,https://schema.org/MedicalSignOrSymptom,1K - 10K
Itemtype,https://schema.org/MedicalSpecialty,10K - 100K
Itemtype,https://schema.org/MedicalStudy,1K - 10K
Itemtype,https://schema.org/MedicalStudyStatus,< 1K
Itemtype,https://schema.org/MedicalSymptom,1K - 10K
Itemtype,https://schema.org/MedicalTest,10K - 100K
Itemtype,https://schema.org/MedicalTestPanel,< 1K
Itemtype,https://schema.org/MedicalTherapy,10K - 100K
Itemtype,https://schema.org/MedicalTrial,< 1K
Itemtype,https://schema.org/MedicalTrialDesign,< 1K
Itemtype,https://schema.org/MedicalWebPage,10K - 100K
Itemtype,https://schema.org/MedicineSystem,< 1K
Itemtype,https://schema.org/MeetingRoom,1K - 10K
Itemtype,https://schema.org/MemberProgram,1K - 10K
Itemtype,https://schema.org/MemberProgramTier,1K - 10K
Itemtype,https://schema.org/MensClothingStore,< 1K
Itemtype,https://schema.org/Menu,100K - 1M
Itemtype,https://schema.org/MenuItem,10K - 100K
Itemtype,https://schema.org/MenuSection,10K - 100K
Itemtype,https://schema.org/MerchantReturnEnumeration,< 1K
Itemtype,https://schema.org/MerchantReturnPolicy,100K - 1M
Itemtype,https://schema.org/MerchantReturnPolicySeasonalOverride,1K - 10K
Itemtype,https://schema.org/Message,1K - 10K
Itemtype,https://schema.org/MiddleSchool,< 1K
Itemtype,https://schema.org/Midwifery,< 1K
Itemtype,https://schema.org/MobileApplication,100K - 1M
Itemtype,https://schema.org/MobilePhoneStore,1K - 10K
Itemtype,https://schema.org/MolecularEntity,< 1K
Itemtype,https://schema.org/MonetaryAmount,100K - 1M
Itemtype,https://schema.org/MonetaryAmountDistribution,1K - 10K
Itemtype,https://schema.org/MonetaryGrant,1K - 10K
Itemtype,https://schema.org/MoneyTransfer,< 1K
Itemtype,https://schema.org/MortgageLoan,< 1K
Itemtype,https://schema.org/Mosque,< 1K
Itemtype,https://schema.org/Motel,< 1K
Itemtype,https://schema.org/Motorcycle,1K - 10K
Itemtype,https://schema.org/MotorcycleDealer,1K - 10K
Itemtype,https://schema.org/MotorcycleRepair,< 1K
Itemtype,https://schema.org/MotorizedBicycle,< 1K
Itemtype,https://schema.org/Mountain,< 1K
Itemtype,https://schema.org/MoveAction,< 1K
Itemtype,https://schema.org/Movie,10K - 100K
Itemtype,https://schema.org/MovieClip,< 1K
Itemtype,https://schema.org/MovieRentalStore,< 1K
Itemtype,https://schema.org/MovieSeries,< 1K
Itemtype,https://schema.org/MovieTheater,1K - 10K
Itemtype,https://schema.org/MovingCompany,10K - 100K
Itemtype,https://schema.org/Muscle,< 1K
Itemtype,https://schema.org/Museum,1K - 10K
Itemtype,https://schema.org/MusicAlbum,10K - 100K
Itemtype,https://schema.org/MusicAlbumProductionType,< 1K
Itemtype,https://schema.org/MusicAlbumReleaseType,< 1K
Itemtype,https://schema.org/MusicComposition,1K - 10K
Itemtype,https://schema.org/MusicEvent,10K - 100K
Itemtype,https://schema.org/MusicGroup,10K - 100K
Itemtype,https://schema.org/MusicPlaylist,1K - 10K
Itemtype,https://schema.org/MusicRecording,10K - 100K
Itemtype,https://schema.org/MusicRelease,1K - 10K
Itemtype,https://schema.org/MusicReleaseFormatType,< 1K
Itemtype,https://schema.org/MusicStore,1K - 10K
Itemtype,https://schema.org/MusicVenue,1K - 10K
Itemtype,https://schema.org/MusicVideoObject,< 1K
Itemtype,https://schema.org/NGO,10K - 100K
Itemtype,https://schema.org/NLNonprofitType,< 1K
Itemtype,https://schema.org/NailSalon,1K - 10K
Itemtype,https://schema.org/Nerve,< 1K
Itemtype,https://schema.org/NewsArticle,100K - 1M
Itemtype,https://schema.org/NewsMediaOrganization,10K - 100K
Itemtype,https://schema.org/Newspaper,< 1K
Itemtype,https://schema.org/NightClub,1K - 10K
Itemtype,https://schema.org/NonprofitType,< 1K
Itemtype,https://schema.org/Notary,1K - 10K
Itemtype,https://schema.org/NoteDigitalDocument,< 1K
Itemtype,https://schema.org/Number,< 1K
Itemtype,https://schema.org/Nursing,< 1K
Itemtype,https://schema.org/NutritionInformation,10K - 100K
Itemtype,https://schema.org/Observation,< 1K
Itemtype,https://schema.org/Obstetric,< 1K
Itemtype,https://schema.org/Occupation,10K - 100K
Itemtype,https://schema.org/OccupationalExperienceRequirements,1K - 10K
Itemtype,https://schema.org/OccupationalTherapy,< 1K
Itemtype,https://schema.org/OceanBodyOfWater,< 1K
Itemtype,https://schema.org/Offer,10M+
Itemtype,https://schema.org/OfferCatalog,100K - 1M
Itemtype,https://schema.org/OfferForLease,1K - 10K
Itemtype,https://schema.org/OfferForPurchase,1K - 10K
Itemtype,https://schema.org/OfferItemCondition,1K - 10K
Itemtype,https://schema.org/OfferShippingDetails,100K - 1M
Itemtype,https://schema.org/OfficeEquipmentStore,1K - 10K
Itemtype,https://schema.org/OnDemandEvent,< 1K
Itemtype,https://schema.org/Oncologic,< 1K
Itemtype,https://schema.org/OnlineBusiness,10K - 100K
Itemtype,https://schema.org/OnlineMarketplace,< 1K
Itemtype,https://schema.org/OnlineStore,100K - 1M
Itemtype,https://schema.org/OpeningHoursSpecification,1M - 10M
Itemtype,https://schema.org/OperatingSystem,< 1K
Itemtype,https://schema.org/OpinionNewsArticle,1K - 10K
Itemtype,https://schema.org/Optician,1K - 10K
Itemtype,https://schema.org/Optometric,1K - 10K
Itemtype,https://schema.org/Order,1K - 10K
Itemtype,https://schema.org/OrderAction,10K - 100K
Itemtype,https://schema.org/OrderItem,< 1K
Itemtype,https://schema.org/OrderStatus,< 1K
Itemtype,https://schema.org/Organization,10M+
Itemtype,https://schema.org/OrganizationRole,1K - 10K
Itemtype,https://schema.org/OrganizeAction,< 1K
Itemtype,https://schema.org/Otolaryngologic,< 1K
Itemtype,https://schema.org/OutletStore,< 1K
Itemtype,https://schema.org/OwnershipInfo,< 1K
Itemtype,https://schema.org/PaintAction,< 1K
Itemtype,https://schema.org/Painting,< 1K
Itemtype,https://schema.org/PalliativeProcedure,< 1K
Itemtype,https://schema.org/ParcelDelivery,< 1K
Itemtype,https://schema.org/ParentAudience,< 1K
Itemtype,https://schema.org/Park,1K - 10K
Itemtype,https://schema.org/ParkingFacility,1K - 10K
Itemtype,https://schema.org/PathologyTest,< 1K
Itemtype,https://schema.org/Patient,1K - 10K
Itemtype,https://schema.org/PawnShop,< 1K
Itemtype,https://schema.org/PayAction,< 1K
Itemtype,https://schema.org/PaymentCard,< 1K
Itemtype,https://schema.org/PaymentChargeSpecification,< 1K
Itemtype,https://schema.org/PaymentMethod,10K - 100K
Itemtype,https://schema.org/PaymentMethodType,< 1K
Itemtype,https://schema.org/PaymentService,1K - 10K
Itemtype,https://schema.org/PaymentStatusType,< 1K
Itemtype,https://schema.org/Pediatric,< 1K
Itemtype,https://schema.org/PeopleAudience,10K - 100K
Itemtype,https://schema.org/PerformAction,< 1K
Itemtype,https://schema.org/PerformanceRole,< 1K
Itemtype,https://schema.org/PerformingArtsEvent,< 1K
Itemtype,https://schema.org/PerformingArtsTheater,1K - 10K
Itemtype,https://schema.org/PerformingGroup,10K - 100K
Itemtype,https://schema.org/Periodical,1K - 10K
Itemtype,https://schema.org/Permit,10K - 100K
Itemtype,https://schema.org/Person,10M+
Itemtype,https://schema.org/PetStore,1K - 10K
Itemtype,https://schema.org/Pharmacy,10K - 100K
Itemtype,https://schema.org/Photograph,10K - 100K
Itemtype,https://schema.org/PhotographAction,< 1K
Itemtype,https://schema.org/PhysicalActivity,< 1K
Itemtype,https://schema.org/PhysicalActivityCategory,1K - 10K
Itemtype,https://schema.org/PhysicalExam,< 1K
Itemtype,https://schema.org/PhysicalTherapy,< 1K
Itemtype,https://schema.org/Physician,10K - 100K
Itemtype,https://schema.org/PhysiciansOffice,< 1K
Itemtype,https://schema.org/Physiotherapy,1K - 10K
Itemtype,https://schema.org/Place,1M - 10M
Itemtype,https://schema.org/PlaceOfWorship,1K - 10K
Itemtype,https://schema.org/PlanAction,< 1K
Itemtype,https://schema.org/PlasticSurgery,< 1K
Itemtype,https://schema.org/Play,< 1K
Itemtype,https://schema.org/PlayAction,1K - 10K
Itemtype,https://schema.org/PlayGameAction,< 1K
Itemtype,https://schema.org/Playground,< 1K
Itemtype,https://schema.org/Plumber,10K - 100K
Itemtype,https://schema.org/PodcastEpisode,10K - 100K
Itemtype,https://schema.org/PodcastSeason,< 1K
Itemtype,https://schema.org/PodcastSeries,10K - 100K
Itemtype,https://schema.org/Podiatric,< 1K
Itemtype,https://schema.org/PoliceStation,< 1K
Itemtype,https://schema.org/PoliticalParty,1K - 10K
Itemtype,https://schema.org/Pond,< 1K
Itemtype,https://schema.org/PostOffice,< 1K
Itemtype,https://schema.org/PostalAddress,10M+
Itemtype,https://schema.org/PostalCodeRangeSpecification,1K - 10K
Itemtype,https://schema.org/Poster,< 1K
Itemtype,https://schema.org/PreOrderAction,< 1K
Itemtype,https://schema.org/PrependAction,< 1K
Itemtype,https://schema.org/Preschool,1K - 10K
Itemtype,https://schema.org/PresentationDigitalDocument,< 1K
Itemtype,https://schema.org/PreventionIndication,< 1K
Itemtype,https://schema.org/PriceComponentTypeEnumeration,< 1K
Itemtype,https://schema.org/PriceSpecification,100K - 1M
Itemtype,https://schema.org/PriceTypeEnumeration,< 1K
Itemtype,https://schema.org/PrimaryCare,< 1K
Itemtype,https://schema.org/Product,10M+
Itemtype,https://schema.org/ProductCollection,1K - 10K
Itemtype,https://schema.org/ProductGroup,100K - 1M
Itemtype,https://schema.org/ProductModel,1K - 10K
Itemtype,https://schema.org/ProductReturnEnumeration,< 1K
Itemtype,https://schema.org/ProductReturnPolicy,< 1K
Itemtype,https://schema.org/ProfessionalService,100K - 1M
Itemtype,https://schema.org/ProfilePage,1M - 10M
Itemtype,https://schema.org/ProgramMembership,1K - 10K
Itemtype,https://schema.org/Project,1K - 10K
Itemtype,https://schema.org/PronounceableText,< 1K
Itemtype,https://schema.org/Property,< 1K
Itemtype,https://schema.org/PropertyValue,100K - 1M
Itemtype,https://schema.org/PropertyValueSpecification,10M+
Itemtype,https://schema.org/Protein,< 1K
Itemtype,https://schema.org/Psychiatric,1K - 10K
Itemtype,https://schema.org/PsychologicalTreatment,< 1K
Itemtype,https://schema.org/PublicHealth,< 1K
Itemtype,https://schema.org/PublicSwimmingPool,< 1K
Itemtype,https://schema.org/PublicToilet,< 1K
Itemtype,https://schema.org/PublicationEvent,1K - 10K
Itemtype,https://schema.org/PublicationIssue,1K - 10K
Itemtype,https://schema.org/PublicationVolume,1K - 10K
Itemtype,https://schema.org/PurchaseType,< 1K
Itemtype,https://schema.org/QAPage,10K - 100K
Itemtype,https://schema.org/QualitativeValue,1K - 10K
Itemtype,https://schema.org/QuantitativeValue,1M - 10M
Itemtype,https://schema.org/QuantitativeValueDistribution,< 1K
Itemtype,https://schema.org/Quantity,< 1K
Itemtype,https://schema.org/Question,1M - 10M
Itemtype,https://schema.org/Quiz,1K - 10K
Itemtype,https://schema.org/Quotation,1K - 10K
Itemtype,https://schema.org/QuoteAction,1K - 10K
Itemtype,https://schema.org/RVPark,< 1K
Itemtype,https://schema.org/RadiationTherapy,< 1K
Itemtype,https://schema.org/RadioBroadcastService,< 1K
Itemtype,https://schema.org/RadioChannel,< 1K
Itemtype,https://schema.org/RadioClip,< 1K
Itemtype,https://schema.org/RadioEpisode,< 1K
Itemtype,https://schema.org/RadioSeason,< 1K
Itemtype,https://schema.org/RadioSeries,1K - 10K
Itemtype,https://schema.org/RadioStation,1K - 10K
Itemtype,https://schema.org/Rating,1M - 10M
Itemtype,https://schema.org/ReactAction,< 1K
Itemtype,https://schema.org/ReadAction,10M+
Itemtype,https://schema.org/RealEstateAgent,100K - 1M
Itemtype,https://schema.org/RealEstateListing,10K - 100K
Itemtype,https://schema.org/ReceiveAction,< 1K
Itemtype,https://schema.org/Recipe,10K - 100K
Itemtype,https://schema.org/Recommendation,< 1K
Itemtype,https://schema.org/RecommendedDoseSchedule,< 1K
Itemtype,https://schema.org/RecyclingCenter,1K - 10K
Itemtype,https://schema.org/RefundTypeEnumeration,< 1K
Itemtype,https://schema.org/RegisterAction,10K - 100K
Itemtype,https://schema.org/RejectAction,< 1K
Itemtype,https://schema.org/RentAction,1K - 10K
Itemtype,https://schema.org/RentalCarReservation,< 1K
Itemtype,https://schema.org/RepaymentSpecification,< 1K
Itemtype,https://schema.org/ReplaceAction,< 1K
Itemtype,https://schema.org/ReplyAction,1K - 10K
Itemtype,https://schema.org/Report,1K - 10K
Itemtype,https://schema.org/ReportageNewsArticle,1K - 10K
Itemtype,https://schema.org/ReportedDoseSchedule,< 1K
Itemtype,https://schema.org/ResearchOrganization,1K - 10K
Itemtype,https://schema.org/ResearchProject,1K - 10K
Itemtype,https://schema.org/Researcher,< 1K
Itemtype,https://schema.org/Reservation,10K - 100K
Itemtype,https://schema.org/ReservationPackage,< 1K
Itemtype,https://schema.org/ReservationStatusType,< 1K
Itemtype,https://schema.org/ReserveAction,10K - 100K
Itemtype,https://schema.org/Reservoir,< 1K
Itemtype,https://schema.org/ResetPasswordAction,< 1K
Itemtype,https://schema.org/Residence,10K - 100K
Itemtype,https://schema.org/Resort,1K - 10K
Itemtype,https://schema.org/RespiratoryTherapy,< 1K
Itemtype,https://schema.org/Restaurant,100K - 1M
Itemtype,https://schema.org/RestrictedDiet,1K - 10K
Itemtype,https://schema.org/ResumeAction,< 1K
Itemtype,https://schema.org/ReturnAction,< 1K
Itemtype,https://schema.org/ReturnFeesEnumeration,< 1K
Itemtype,https://schema.org/ReturnLabelSourceEnumeration,< 1K
Itemtype,https://schema.org/ReturnMethodEnumeration,< 1K
Itemtype,https://schema.org/Review,1M - 10M
Itemtype,https://schema.org/ReviewAction,1K - 10K
Itemtype,https://schema.org/ReviewNewsArticle,< 1K
Itemtype,https://schema.org/RiverBodyOfWater,< 1K
Itemtype,https://schema.org/Role,1K - 10K
Itemtype,https://schema.org/RoofingContractor,10K - 100K
Itemtype,https://schema.org/Room,1K - 10K
Itemtype,https://schema.org/RsvpAction,< 1K
Itemtype,https://schema.org/RsvpResponseType,< 1K
Itemtype,https://schema.org/RuntimePlatform,< 1K
Itemtype,https://schema.org/SaleEvent,1K - 10K
Itemtype,https://schema.org/SatiricalArticle,< 1K
Itemtype,https://schema.org/Schedule,10K - 100K
Itemtype,https://schema.org/ScheduleAction,1K - 10K
Itemtype,https://schema.org/ScholarlyArticle,10K - 100K
Itemtype,https://schema.org/School,10K - 100K
Itemtype,https://schema.org/SchoolDistrict,< 1K
Itemtype,https://schema.org/ScreeningEvent,1K - 10K
Itemtype,https://schema.org/Sculpture,< 1K
Itemtype,https://schema.org/SeaBodyOfWater,< 1K
Itemtype,https://schema.org/SearchAction,10M+
Itemtype,https://schema.org/SearchRescueOrganization,< 1K
Itemtype,https://schema.org/SearchResultsPage,10K - 100K
Itemtype,https://schema.org/Season,< 1K
Itemtype,https://schema.org/Seat,< 1K
Itemtype,https://schema.org/SeekToAction,10K - 100K
Itemtype,https://schema.org/SelfStorage,10K - 100K
Itemtype,https://schema.org/SellAction,1K - 10K
Itemtype,https://schema.org/SendAction,< 1K
Itemtype,https://schema.org/SequentialArt,< 1K
Itemtype,https://schema.org/Series,10K - 100K
Itemtype,https://schema.org/Service,1M - 10M
Itemtype,https://schema.org/ServiceChannel,100K - 1M
Itemtype,https://schema.org/ServicePeriod,1K - 10K
Itemtype,https://schema.org/ShareAction,10K - 100K
Itemtype,https://schema.org/SheetMusic,< 1K
Itemtype,https://schema.org/ShippingConditions,10K - 100K
Itemtype,https://schema.org/ShippingDeliveryTime,100K - 1M
Itemtype,https://schema.org/ShippingRateSettings,< 1K
Itemtype,https://schema.org/ShippingService,10K - 100K
Itemtype,https://schema.org/ShoeStore,1K - 10K
Itemtype,https://schema.org/ShoppingCenter,1K - 10K
Itemtype,https://schema.org/ShortStory,< 1K
Itemtype,https://schema.org/SingleFamilyResidence,10K - 100K
Itemtype,https://schema.org/SiteNavigationElement,1M - 10M
Itemtype,https://schema.org/SizeGroupEnumeration,< 1K
Itemtype,https://schema.org/SizeSpecification,1K - 10K
Itemtype,https://schema.org/SizeSystemEnumeration,< 1K
Itemtype,https://schema.org/SkiResort,1K - 10K
Itemtype,https://schema.org/SocialEvent,1K - 10K
Itemtype,https://schema.org/SocialMediaPosting,10K - 100K
Itemtype,https://schema.org/SoftwareApplication,1M - 10M
Itemtype,https://schema.org/SoftwareSourceCode,1K - 10K
Itemtype,https://schema.org/SolveMathAction,< 1K
Itemtype,https://schema.org/SomeProducts,10K - 100K
Itemtype,https://schema.org/SpeakableSpecification,100K - 1M
Itemtype,https://schema.org/SpecialAnnouncement,1K - 10K
Itemtype,https://schema.org/Specialty,1K - 10K
Itemtype,https://schema.org/SportingGoodsStore,1K - 10K
Itemtype,https://schema.org/SportsActivityLocation,10K - 100K
Itemtype,https://schema.org/SportsClub,1K - 10K
Itemtype,https://schema.org/SportsEvent,10K - 100K
Itemtype,https://schema.org/SportsOrganization,10K - 100K
Itemtype,https://schema.org/SportsTeam,10K - 100K
Itemtype,https://schema.org/SpreadsheetDigitalDocument,< 1K
Itemtype,https://schema.org/StadiumOrArena,1K - 10K
Itemtype,https://schema.org/State,100K - 1M
Itemtype,https://schema.org/Statement,< 1K
Itemtype,https://schema.org/StatisticalPopulation,< 1K
Itemtype,https://schema.org/StatisticalVariable,< 1K
Itemtype,https://schema.org/StatusEnumeration,< 1K
Itemtype,https://schema.org/SteeringPositionValue,< 1K
Itemtype,https://schema.org/Store,100K - 1M
Itemtype,https://schema.org/StructuredValue,1K - 10K
Itemtype,https://schema.org/StupidType,< 1K
Itemtype,https://schema.org/SubscribeAction,10K - 100K
Itemtype,https://schema.org/Substance,< 1K
Itemtype,https://schema.org/SubwayStation,< 1K
Itemtype,https://schema.org/Suite,1K - 10K
Itemtype,https://schema.org/SuperficialAnatomy,< 1K
Itemtype,https://schema.org/SurgicalProcedure,1K - 10K
Itemtype,https://schema.org/SuspendAction,< 1K
Itemtype,https://schema.org/Syllabus,1K - 10K
Itemtype,https://schema.org/Synagogue,< 1K
Itemtype,https://schema.org/TVClip,< 1K
Itemtype,https://schema.org/TVEpisode,1K - 10K
Itemtype,https://schema.org/TVSeason,1K - 10K
Itemtype,https://schema.org/TVSeries,10K - 100K
Itemtype,https://schema.org/Table,10K - 100K
Itemtype,https://schema.org/TakeAction,< 1K
Itemtype,https://schema.org/TattooParlor,1K - 10K
Itemtype,https://schema.org/Taxi,< 1K
Itemtype,https://schema.org/TaxiReservation,< 1K
Itemtype,https://schema.org/TaxiService,10K - 100K
Itemtype,https://schema.org/TaxiStand,< 1K
Itemtype,https://schema.org/Taxon,< 1K
Itemtype,https://schema.org/TechArticle,10K - 100K
Itemtype,https://schema.org/TelevisionChannel,< 1K
Itemtype,https://schema.org/TelevisionStation,< 1K
Itemtype,https://schema.org/TennisComplex,< 1K
Itemtype,https://schema.org/Text,10K - 100K
Itemtype,https://schema.org/TextDigitalDocument,< 1K
Itemtype,https://schema.org/TextObject,1K - 10K
Itemtype,https://schema.org/TheaterEvent,1K - 10K
Itemtype,https://schema.org/TheaterGroup,1K - 10K
Itemtype,https://schema.org/TherapeuticProcedure,1K - 10K
Itemtype,https://schema.org/Thesis,< 1K
Itemtype,https://schema.org/Thing,10M+
Itemtype,https://schema.org/Ticket,< 1K
Itemtype,https://schema.org/TieAction,< 1K
Itemtype,https://schema.org/TierBenefitEnumeration,< 1K
Itemtype,https://schema.org/Time,< 1K
Itemtype,https://schema.org/TipAction,< 1K
Itemtype,https://schema.org/TireShop,1K - 10K
Itemtype,https://schema.org/TouristAttraction,10K - 100K
Itemtype,https://schema.org/TouristDestination,10K - 100K
Itemtype,https://schema.org/TouristInformationCenter,1K - 10K
Itemtype,https://schema.org/TouristTrip,10K - 100K
Itemtype,https://schema.org/ToyStore,1K - 10K
Itemtype,https://schema.org/TrackAction,< 1K
Itemtype,https://schema.org/TradeAction,1K - 10K
Itemtype,https://schema.org/TrainReservation,< 1K
Itemtype,https://schema.org/TrainStation,1K - 10K
Itemtype,https://schema.org/TrainTrip,< 1K
Itemtype,https://schema.org/TransferAction,< 1K
Itemtype,https://schema.org/TravelAction,1K - 10K
Itemtype,https://schema.org/TravelAgency,10K - 100K
Itemtype,https://schema.org/TreatmentIndication,< 1K
Itemtype,https://schema.org/Trip,10K - 100K
Itemtype,https://schema.org/TypeAndQuantityNode,1K - 10K
Itemtype,https://schema.org/UKNonprofitType,< 1K
Itemtype,https://schema.org/URL,1K - 10K
Itemtype,https://schema.org/USNonprofitType,< 1K
Itemtype,https://schema.org/UnRegisterAction,< 1K
Itemtype,https://schema.org/UnitPriceSpecification,1M - 10M
Itemtype,https://schema.org/UpdateAction,< 1K
Itemtype,https://schema.org/UseAction,1K - 10K
Itemtype,https://schema.org/UserBlocks,< 1K
Itemtype,https://schema.org/UserCheckins,1K - 10K
Itemtype,https://schema.org/UserComments,10K - 100K
Itemtype,https://schema.org/UserDownloads,< 1K
Itemtype,https://schema.org/UserInteraction,< 1K
Itemtype,https://schema.org/UserLikes,< 1K
Itemtype,https://schema.org/UserPageVisits,< 1K
Itemtype,https://schema.org/UserPlays,< 1K
Itemtype,https://schema.org/UserPlusOnes,< 1K
Itemtype,https://schema.org/UserReview,1K - 10K
Itemtype,https://schema.org/UserTweets,< 1K
Itemtype,https://schema.org/VacationRental,10K - 100K
Itemtype,https://schema.org/Vehicle,10K - 100K
Itemtype,https://schema.org/Vein,< 1K
Itemtype,https://schema.org/Vessel,< 1K
Itemtype,https://schema.org/VeterinaryCare,10K - 100K
Itemtype,https://schema.org/VideoGallery,1K - 10K
Itemtype,https://schema.org/VideoGame,10K - 100K
Itemtype,https://schema.org/VideoGameClip,< 1K
Itemtype,https://schema.org/VideoGameSeries,1K - 10K
Itemtype,https://schema.org/VideoObject,1M - 10M
Itemtype,https://schema.org/VideoObjectSnapshot,< 1K
Itemtype,https://schema.org/ViewAction,10K - 100K
Itemtype,https://schema.org/VirtualLocation,10K - 100K
Itemtype,https://schema.org/VisualArtsEvent,< 1K
Itemtype,https://schema.org/VisualArtwork,1K - 10K
Itemtype,https://schema.org/VitalSign,< 1K
Itemtype,https://schema.org/Volcano,< 1K
Itemtype,https://schema.org/VoteAction,< 1K
Itemtype,https://schema.org/WPAdBlock,10K - 100K
Itemtype,https://schema.org/WPFooter,1M - 10M
Itemtype,https://schema.org/WPHeader,1M - 10M
Itemtype,https://schema.org/WPSideBar,1M - 10M
Itemtype,https://schema.org/WantAction,< 1K
Itemtype,https://schema.org/WarrantyPromise,10K - 100K
Itemtype,https://schema.org/WarrantyScope,< 1K
Itemtype,https://schema.org/WatchAction,100K - 1M
Itemtype,https://schema.org/Waterfall,< 1K
Itemtype,https://schema.org/WearAction,< 1K
Itemtype,https://schema.org/WearableMeasurementTypeEnumeration,< 1K
Itemtype,https://schema.org/WearableSizeGroupEnumeration,< 1K
Itemtype,https://schema.org/WearableSizeSystemEnumeration,< 1K
Itemtype,https://schema.org/WebAPI,1K - 10K
Itemtype,https://schema.org/WebApplication,100K - 1M
Itemtype,https://schema.org/WebContent,1K - 10K
Itemtype,https://schema.org/WebPage,10M+
Itemtype,https://schema.org/WebPageElement,1M - 10M
Itemtype,https://schema.org/WebSite,10M+
Itemtype,https://schema.org/WholesaleStore,1K - 10K
Itemtype,https://schema.org/WinAction,< 1K
Itemtype,https://schema.org/Winery,1K - 10K
Itemtype,https://schema.org/WorkBasedProgram,< 1K
Itemtype,https://schema.org/WorkersUnion,< 1K
Itemtype,https://schema.org/WriteAction,10K - 100K
Itemtype,https://schema.org/XPathType,< 1K
Itemtype,https://schema.org/Zoo,< 1K
Predicate,https://schema.org/about,10M+
Predicate,https://schema.org/about-input,< 1K
Predicate,https://schema.org/about-output,< 1K
Predicate,https://schema.org/abridged,< 1K
Predicate,https://schema.org/abridged-input,< 1K
Predicate,https://schema.org/abridged-output,< 1K
Predicate,https://schema.org/abstract,10K - 100K
Predicate,https://schema.org/abstract-input,< 1K
Predicate,https://schema.org/abstract-output,< 1K
Predicate,https://schema.org/accelerationTime,1K - 10K
Predicate,https://schema.org/accelerationTime-input,< 1K
Predicate,https://schema.org/accelerationTime-output,< 1K
Predicate,https://schema.org/acceptedAnswer,1M - 10M
Predicate,https://schema.org/acceptedAnswer-input,< 1K
Predicate,https://schema.org/acceptedAnswer-output,< 1K
Predicate,https://schema.org/acceptedOffer,< 1K
Predicate,https://schema.org/acceptedOffer-input,< 1K
Predicate,https://schema.org/acceptedOffer-output,< 1K
Predicate,https://schema.org/acceptedPaymentMethod,10K - 100K
Predicate,https://schema.org/acceptedPaymentMethod-input,< 1K
Predicate,https://schema.org/acceptedPaymentMethod-output,< 1K
Predicate,https://schema.org/acceptsReservations,100K - 1M
Predicate,https://schema.org/acceptsReservations-input,< 1K
Predicate,https://schema.org/acceptsReservations-output,< 1K
Predicate,https://schema.org/accessCode,< 1K
Predicate,https://schema.org/accessCode-input,< 1K
Predicate,https://schema.org/accessCode-output,< 1K
Predicate,https://schema.org/accessMode,1K - 10K
Predicate,https://schema.org/accessMode-input,< 1K
Predicate,https://schema.org/accessMode-output,< 1K
Predicate,https://schema.org/accessModeSufficient,1K - 10K
Predicate,https://schema.org/accessModeSufficient-input,< 1K
Predicate,https://schema.org/accessModeSufficient-output,< 1K
Predicate,https://schema.org/accessibilityAPI,1K - 10K
Predicate,https://schema.org/accessibilityAPI-input,< 1K
Predicate,https://schema.org/accessibilityAPI-output,< 1K
Predicate,https://schema.org/accessibilityControl,1K - 10K
Predicate,https://schema.org/accessibilityControl-input,< 1K
Predicate,https://schema.org/accessibilityControl-output,< 1K
Predicate,https://schema.org/accessibilityFeature,10K - 100K
Predicate,https://schema.org/accessibilityFeature-input,< 1K
Predicate,https://schema.org/accessibilityFeature-output,< 1K
Predicate,https://schema.org/accessibilityHazard,1K - 10K
Predicate,https://schema.org/accessibilityHazard-input,< 1K
Predicate,https://schema.org/accessibilityHazard-output,< 1K
Predicate,https://schema.org/accessibilitySummary,10K - 100K
Predicate,https://schema.org/accessibilitySummary-input,< 1K
Predicate,https://schema.org/accessibilitySummary-output,< 1K
Predicate,https://schema.org/accommodationCategory,1K - 10K
Predicate,https://schema.org/accommodationCategory-input,< 1K
Predicate,https://schema.org/accommodationCategory-output,< 1K
Predicate,https://schema.org/accommodationFloorPlan,10K - 100K
Predicate,https://schema.org/accommodationFloorPlan-input,< 1K
Predicate,https://schema.org/accommodationFloorPlan-output,< 1K
Predicate,https://schema.org/accountId,< 1K
Predicate,https://schema.org/accountId-input,< 1K
Predicate,https://schema.org/accountId-output,< 1K
Predicate,https://schema.org/accountMinimumInflow,< 1K
Predicate,https://schema.org/accountMinimumInflow-input,< 1K
Predicate,https://schema.org/accountMinimumInflow-output,< 1K
Predicate,https://schema.org/accountOverdraftLimit,< 1K
Predicate,https://schema.org/accountOverdraftLimit-input,< 1K
Predicate,https://schema.org/accountOverdraftLimit-output,< 1K
Predicate,https://schema.org/accountablePerson,10K - 100K
Predicate,https://schema.org/accountablePerson-input,< 1K
Predicate,https://schema.org/accountablePerson-output,< 1K
Predicate,https://schema.org/acquireLicensePage,10K - 100K
Predicate,https://schema.org/acquireLicensePage-input,< 1K
Predicate,https://schema.org/acquireLicensePage-output,< 1K
Predicate,https://schema.org/acquiredFrom,< 1K
Predicate,https://schema.org/acquiredFrom-input,< 1K
Predicate,https://schema.org/acquiredFrom-output,< 1K
Predicate,https://schema.org/acrissCode,< 1K
Predicate,https://schema.org/acrissCode-input,< 1K
Predicate,https://schema.org/acrissCode-output,< 1K
Predicate,https://schema.org/actionAccessibilityRequirement,< 1K
Predicate,https://schema.org/actionAccessibilityRequirement-input,< 1K
Predicate,https://schema.org/actionAccessibilityRequirement-output,< 1K
Predicate,https://schema.org/actionApplication,1K - 10K
Predicate,https://schema.org/actionApplication-input,< 1K
Predicate,https://schema.org/actionApplication-output,< 1K
Predicate,https://schema.org/actionOption,1K - 10K
Predicate,https://schema.org/actionOption-input,< 1K
Predicate,https://schema.org/actionOption-output,< 1K
Predicate,https://schema.org/actionPlatform,100K - 1M
Predicate,https://schema.org/actionPlatform-input,< 1K
Predicate,https://schema.org/actionPlatform-output,< 1K
Predicate,https://schema.org/actionProcess,< 1K
Predicate,https://schema.org/actionProcess-input,< 1K
Predicate,https://schema.org/actionProcess-output,< 1K
Predicate,https://schema.org/actionStatus,10K - 100K
Predicate,https://schema.org/actionStatus-input,< 1K
Predicate,https://schema.org/actionStatus-output,< 1K
Predicate,https://schema.org/actionableFeedbackPolicy,10K - 100K
Predicate,https://schema.org/actionableFeedbackPolicy-input,< 1K
Predicate,https://schema.org/actionableFeedbackPolicy-output,< 1K
Predicate,https://schema.org/activeIngredient,1K - 10K
Predicate,https://schema.org/activeIngredient-input,< 1K
Predicate,https://schema.org/activeIngredient-output,< 1K
Predicate,https://schema.org/activityDuration,< 1K
Predicate,https://schema.org/activityDuration-input,< 1K
Predicate,https://schema.org/activityDuration-output,< 1K
Predicate,https://schema.org/activityFrequency,< 1K
Predicate,https://schema.org/activityFrequency-input,< 1K
Predicate,https://schema.org/activityFrequency-output,< 1K
Predicate,https://schema.org/actor,10K - 100K
Predicate,https://schema.org/actor-input,< 1K
Predicate,https://schema.org/actor-output,< 1K
Predicate,https://schema.org/actors,1K - 10K
Predicate,https://schema.org/actors-input,< 1K
Predicate,https://schema.org/actors-output,< 1K
Predicate,https://schema.org/addOn,1K - 10K
Predicate,https://schema.org/addOn-input,< 1K
Predicate,https://schema.org/addOn-output,< 1K
Predicate,https://schema.org/additionalName,10K - 100K
Predicate,https://schema.org/additionalName-input,< 1K
Predicate,https://schema.org/additionalName-output,< 1K
Predicate,https://schema.org/additionalNumberOfGuests,< 1K
Predicate,https://schema.org/additionalNumberOfGuests-input,< 1K
Predicate,https://schema.org/additionalNumberOfGuests-output,< 1K
Predicate,https://schema.org/additionalProperty,100K - 1M
Predicate,https://schema.org/additionalProperty-input,< 1K
Predicate,https://schema.org/additionalProperty-output,< 1K
Predicate,https://schema.org/additionalType,100K - 1M
Predicate,https://schema.org/additionalType-input,< 1K
Predicate,https://schema.org/additionalType-output,< 1K
Predicate,https://schema.org/additionalVariable,< 1K
Predicate,https://schema.org/additionalVariable-input,< 1K
Predicate,https://schema.org/additionalVariable-output,< 1K
Predicate,https://schema.org/address,10M+
Predicate,https://schema.org/address-input,< 1K
Predicate,https://schema.org/address-output,< 1K
Predicate,https://schema.org/addressCountry,1M - 10M
Predicate,https://schema.org/addressCountry-input,< 1K
Predicate,https://schema.org/addressCountry-output,< 1K
Predicate,https://schema.org/addressLocality,1M - 10M
Predicate,https://schema.org/addressLocality-input,< 1K
Predicate,https://schema.org/addressLocality-output,< 1K
Predicate,https://schema.org/addressRegion,1M - 10M
Predicate,https://schema.org/addressRegion-input,< 1K
Predicate,https://schema.org/addressRegion-output,< 1K
Predicate,https://schema.org/administrationRoute,1K - 10K
Predicate,https://schema.org/administrationRoute-input,< 1K
Predicate,https://schema.org/administrationRoute-output,< 1K
Predicate,https://schema.org/advanceBookingRequirement,< 1K
Predicate,https://schema.org/advanceBookingRequirement-input,< 1K
Predicate,https://schema.org/advanceBookingRequirement-output,< 1K
Predicate,https://schema.org/adverseOutcome,< 1K
Predicate,https://schema.org/adverseOutcome-input,< 1K
Predicate,https://schema.org/adverseOutcome-output,< 1K
Predicate,https://schema.org/affectedBy,< 1K
Predicate,https://schema.org/affectedBy-input,< 1K
Predicate,https://schema.org/affectedBy-output,< 1K
Predicate,https://schema.org/affiliation,100K - 1M
Predicate,https://schema.org/affiliation-input,< 1K
Predicate,https://schema.org/affiliation-output,< 1K
Predicate,https://schema.org/afterMedia,< 1K
Predicate,https://schema.org/afterMedia-input,< 1K
Predicate,https://schema.org/afterMedia-output,< 1K
Predicate,https://schema.org/agent,10K - 100K
Predicate,https://schema.org/agent-input,< 1K
Predicate,https://schema.org/agent-output,< 1K
Predicate,https://schema.org/agentInteractionStatistic,10K - 100K
Predicate,https://schema.org/agentInteractionStatistic-input,< 1K
Predicate,https://schema.org/agentInteractionStatistic-output,< 1K
Predicate,https://schema.org/aggregateElement,< 1K
Predicate,https://schema.org/aggregateElement-input,< 1K
Predicate,https://schema.org/aggregateElement-output,< 1K
Predicate,https://schema.org/aggregateRating,1M - 10M
Predicate,https://schema.org/aggregateRating-input,< 1K
Predicate,https://schema.org/aggregateRating-output,< 1K
Predicate,https://schema.org/aircraft,< 1K
Predicate,https://schema.org/aircraft-input,< 1K
Predicate,https://schema.org/aircraft-output,< 1K
Predicate,https://schema.org/album,1K - 10K
Predicate,https://schema.org/album-input,< 1K
Predicate,https://schema.org/album-output,< 1K
Predicate,https://schema.org/albumProductionType,1K - 10K
Predicate,https://schema.org/albumProductionType-input,< 1K
Predicate,https://schema.org/albumProductionType-output,< 1K
Predicate,https://schema.org/albumRelease,1K - 10K
Predicate,https://schema.org/albumRelease-input,< 1K
Predicate,https://schema.org/albumRelease-output,< 1K
Predicate,https://schema.org/albumReleaseType,1K - 10K
Predicate,https://schema.org/albumReleaseType-input,< 1K
Predicate,https://schema.org/albumReleaseType-output,< 1K
Predicate,https://schema.org/albums,< 1K
Predicate,https://schema.org/albums-input,< 1K
Predicate,https://schema.org/albums-output,< 1K
Predicate,https://schema.org/alcoholWarning,< 1K
Predicate,https://schema.org/alcoholWarning-input,< 1K
Predicate,https://schema.org/alcoholWarning-output,< 1K
Predicate,https://schema.org/algorithm,< 1K
Predicate,https://schema.org/algorithm-input,< 1K
Predicate,https://schema.org/algorithm-output,< 1K
Predicate,https://schema.org/alignmentType,1K - 10K
Predicate,https://schema.org/alignmentType-input,< 1K
Predicate,https://schema.org/alignmentType-output,< 1K
Predicate,https://schema.org/alternateName,1M - 10M
Predicate,https://schema.org/alternateName-input,< 1K
Predicate,https://schema.org/alternateName-output,< 1K
Predicate,https://schema.org/alternativeHeadline,100K - 1M
Predicate,https://schema.org/alternativeHeadline-input,< 1K
Predicate,https://schema.org/alternativeHeadline-output,< 1K
Predicate,https://schema.org/alternativeOf,< 1K
Predicate,https://schema.org/alternativeOf-input,< 1K
Predicate,https://schema.org/alternativeOf-output,< 1K
Predicate,https://schema.org/alumni,1K - 10K
Predicate,https://schema.org/alumni-input,< 1K
Predicate,https://schema.org/alumni-output,< 1K
Predicate,https://schema.org/alumniOf,100K - 1M
Predicate,https://schema.org/alumniOf-input,< 1K
Predicate,https://schema.org/alumniOf-output,< 1K
Predicate,https://schema.org/amenityFeature,100K - 1M
Predicate,https://schema.org/amenityFeature-input,< 1K
Predicate,https://schema.org/amenityFeature-output,< 1K
Predicate,https://schema.org/amount,1K - 10K
Predicate,https://schema.org/amount-input,< 1K
Predicate,https://schema.org/amount-output,< 1K
Predicate,https://schema.org/amountOfThisGood,< 1K
Predicate,https://schema.org/amountOfThisGood-input,< 1K
Predicate,https://schema.org/amountOfThisGood-output,< 1K
Predicate,https://schema.org/announcementLocation,1K - 10K
Predicate,https://schema.org/announcementLocation-input,< 1K
Predicate,https://schema.org/announcementLocation-output,< 1K
Predicate,https://schema.org/annualPercentageRate,1K - 10K
Predicate,https://schema.org/annualPercentageRate-input,< 1K
Predicate,https://schema.org/annualPercentageRate-output,< 1K
Predicate,https://schema.org/answerCount,100K - 1M
Predicate,https://schema.org/answerCount-input,< 1K
Predicate,https://schema.org/answerCount-output,< 1K
Predicate,https://schema.org/answerExplanation,< 1K
Predicate,https://schema.org/answerExplanation-input,< 1K
Predicate,https://schema.org/answerExplanation-output,< 1K
Predicate,https://schema.org/antagonist,< 1K
Predicate,https://schema.org/antagonist-input,< 1K
Predicate,https://schema.org/antagonist-output,< 1K
Predicate,https://schema.org/appearance,1K - 10K
Predicate,https://schema.org/appearance-input,< 1K
Predicate,https://schema.org/appearance-output,< 1K
Predicate,https://schema.org/applicableCountry,100K - 1M
Predicate,https://schema.org/applicableCountry-input,< 1K
Predicate,https://schema.org/applicableCountry-output,< 1K
Predicate,https://schema.org/applicableLocation,< 1K
Predicate,https://schema.org/applicableLocation-input,< 1K
Predicate,https://schema.org/applicableLocation-output,< 1K
Predicate,https://schema.org/applicantLocationRequirements,10K - 100K
Predicate,https://schema.org/applicantLocationRequirements-input,< 1K
Predicate,https://schema.org/applicantLocationRequirements-output,< 1K
Predicate,https://schema.org/application,< 1K
Predicate,https://schema.org/application-input,< 1K
Predicate,https://schema.org/application-output,< 1K
Predicate,https://schema.org/applicationCategory,1M - 10M
Predicate,https://schema.org/applicationCategory-input,< 1K
Predicate,https://schema.org/applicationCategory-output,< 1K
Predicate,https://schema.org/applicationContact,1K - 10K
Predicate,https://schema.org/applicationContact-input,< 1K
Predicate,https://schema.org/applicationContact-output,< 1K
Predicate,https://schema.org/applicationDeadline,1K - 10K
Predicate,https://schema.org/applicationDeadline-input,< 1K
Predicate,https://schema.org/applicationDeadline-output,< 1K
Predicate,https://schema.org/applicationStartDate,< 1K
Predicate,https://schema.org/applicationStartDate-input,< 1K
Predicate,https://schema.org/applicationStartDate-output,< 1K
Predicate,https://schema.org/applicationSubCategory,100K - 1M
Predicate,https://schema.org/applicationSubCategory-input,< 1K
Predicate,https://schema.org/applicationSubCategory-output,< 1K
Predicate,https://schema.org/applicationSuite,1K - 10K
Predicate,https://schema.org/applicationSuite-input,< 1K
Predicate,https://schema.org/applicationSuite-output,< 1K
Predicate,https://schema.org/appliesToDeliveryMethod,10K - 100K
Predicate,https://schema.org/appliesToDeliveryMethod-input,< 1K
Predicate,https://schema.org/appliesToDeliveryMethod-output,< 1K
Predicate,https://schema.org/appliesToPaymentMethod,< 1K
Predicate,https://schema.org/appliesToPaymentMethod-input,< 1K
Predicate,https://schema.org/appliesToPaymentMethod-output,< 1K
Predicate,https://schema.org/archiveHeld,< 1K
Predicate,https://schema.org/archiveHeld-input,< 1K
Predicate,https://schema.org/archiveHeld-output,< 1K
Predicate,https://schema.org/archivedAt,< 1K
Predicate,https://schema.org/archivedAt-input,< 1K
Predicate,https://schema.org/archivedAt-output,< 1K
Predicate,https://schema.org/area,1K - 10K
Predicate,https://schema.org/area-input,< 1K
Predicate,https://schema.org/area-output,< 1K
Predicate,https://schema.org/areaServed,1M - 10M
Predicate,https://schema.org/areaServed-input,< 1K
Predicate,https://schema.org/areaServed-output,< 1K
Predicate,https://schema.org/arrivalAirport,1K - 10K
Predicate,https://schema.org/arrivalAirport-input,< 1K
Predicate,https://schema.org/arrivalAirport-output,< 1K
Predicate,https://schema.org/arrivalBoatTerminal,< 1K
Predicate,https://schema.org/arrivalBoatTerminal-input,< 1K
Predicate,https://schema.org/arrivalBoatTerminal-output,< 1K
Predicate,https://schema.org/arrivalBusStop,< 1K
Predicate,https://schema.org/arrivalBusStop-input,< 1K
Predicate,https://schema.org/arrivalBusStop-output,< 1K
Predicate,https://schema.org/arrivalGate,< 1K
Predicate,https://schema.org/arrivalGate-input,< 1K
Predicate,https://schema.org/arrivalGate-output,< 1K
Predicate,https://schema.org/arrivalPlatform,< 1K
Predicate,https://schema.org/arrivalPlatform-input,< 1K
Predicate,https://schema.org/arrivalPlatform-output,< 1K
Predicate,https://schema.org/arrivalStation,< 1K
Predicate,https://schema.org/arrivalStation-input,< 1K
Predicate,https://schema.org/arrivalStation-output,< 1K
Predicate,https://schema.org/arrivalTerminal,< 1K
Predicate,https://schema.org/arrivalTerminal-input,< 1K
Predicate,https://schema.org/arrivalTerminal-output,< 1K
Predicate,https://schema.org/arrivalTime,1K - 10K
Predicate,https://schema.org/arrivalTime-input,< 1K
Predicate,https://schema.org/arrivalTime-output,< 1K
Predicate,https://schema.org/artEdition,< 1K
Predicate,https://schema.org/artEdition-input,< 1K
Predicate,https://schema.org/artEdition-output,< 1K
Predicate,https://schema.org/artMedium,1K - 10K
Predicate,https://schema.org/artMedium-input,< 1K
Predicate,https://schema.org/artMedium-output,< 1K
Predicate,https://schema.org/arterialBranch,< 1K
Predicate,https://schema.org/arterialBranch-input,< 1K
Predicate,https://schema.org/arterialBranch-output,< 1K
Predicate,https://schema.org/artform,1K - 10K
Predicate,https://schema.org/artform-input,< 1K
Predicate,https://schema.org/artform-output,< 1K
Predicate,https://schema.org/articleBody,1M - 10M
Predicate,https://schema.org/articleBody-input,< 1K
Predicate,https://schema.org/articleBody-output,< 1K
Predicate,https://schema.org/articleSection,1M - 10M
Predicate,https://schema.org/articleSection-input,< 1K
Predicate,https://schema.org/articleSection-output,< 1K
Predicate,https://schema.org/artist,1K - 10K
Predicate,https://schema.org/artist-input,< 1K
Predicate,https://schema.org/artist-output,< 1K
Predicate,https://schema.org/artworkSurface,1K - 10K
Predicate,https://schema.org/artworkSurface-input,< 1K
Predicate,https://schema.org/artworkSurface-output,< 1K
Predicate,https://schema.org/asin,< 1K
Predicate,https://schema.org/asin-input,< 1K
Predicate,https://schema.org/asin-output,< 1K
Predicate,https://schema.org/aspect,< 1K
Predicate,https://schema.org/aspect-input,< 1K
Predicate,https://schema.org/aspect-output,< 1K
Predicate,https://schema.org/assembly,< 1K
Predicate,https://schema.org/assembly-input,< 1K
Predicate,https://schema.org/assembly-output,< 1K
Predicate,https://schema.org/assemblyVersion,< 1K
Predicate,https://schema.org/assemblyVersion-input,< 1K
Predicate,https://schema.org/assemblyVersion-output,< 1K
Predicate,https://schema.org/assesses,1K - 10K
Predicate,https://schema.org/assesses-input,< 1K
Predicate,https://schema.org/assesses-output,< 1K
Predicate,https://schema.org/associatedAnatomy,1K - 10K
Predicate,https://schema.org/associatedAnatomy-input,< 1K
Predicate,https://schema.org/associatedAnatomy-output,< 1K
Predicate,https://schema.org/associatedArticle,1K - 10K
Predicate,https://schema.org/associatedArticle-input,< 1K
Predicate,https://schema.org/associatedArticle-output,< 1K
Predicate,https://schema.org/associatedClaimReview,< 1K
Predicate,https://schema.org/associatedClaimReview-input,< 1K
Predicate,https://schema.org/associatedClaimReview-output,< 1K
Predicate,https://schema.org/associatedDisease,< 1K
Predicate,https://schema.org/associatedDisease-input,< 1K
Predicate,https://schema.org/associatedDisease-output,< 1K
Predicate,https://schema.org/associatedMedia,100K - 1M
Predicate,https://schema.org/associatedMedia-input,< 1K
Predicate,https://schema.org/associatedMedia-output,< 1K
Predicate,https://schema.org/associatedMediaReview,< 1K
Predicate,https://schema.org/associatedMediaReview-input,< 1K
Predicate,https://schema.org/associatedMediaReview-output,< 1K
Predicate,https://schema.org/associatedPathophysiology,< 1K
Predicate,https://schema.org/associatedPathophysiology-input,< 1K
Predicate,https://schema.org/associatedPathophysiology-output,< 1K
Predicate,https://schema.org/associatedReview,< 1K
Predicate,https://schema.org/associatedReview-input,< 1K
Predicate,https://schema.org/associatedReview-output,< 1K
Predicate,https://schema.org/athlete,1K - 10K
Predicate,https://schema.org/athlete-input,< 1K
Predicate,https://schema.org/athlete-output,< 1K
Predicate,https://schema.org/attendee,1K - 10K
Predicate,https://schema.org/attendee-input,< 1K
Predicate,https://schema.org/attendee-output,< 1K
Predicate,https://schema.org/attendees,< 1K
Predicate,https://schema.org/attendees-input,< 1K
Predicate,https://schema.org/attendees-output,< 1K
Predicate,https://schema.org/audience,100K - 1M
Predicate,https://schema.org/audience-input,< 1K
Predicate,https://schema.org/audience-output,< 1K
Predicate,https://schema.org/audienceType,100K - 1M
Predicate,https://schema.org/audienceType-input,< 1K
Predicate,https://schema.org/audienceType-output,< 1K
Predicate,https://schema.org/audio,10K - 100K
Predicate,https://schema.org/audio-input,< 1K
Predicate,https://schema.org/audio-output,< 1K
Predicate,https://schema.org/auditDate,< 1K
Predicate,https://schema.org/auditDate-input,< 1K
Predicate,https://schema.org/auditDate-output,< 1K
Predicate,https://schema.org/authenticator,< 1K
Predicate,https://schema.org/authenticator-input,< 1K
Predicate,https://schema.org/authenticator-output,< 1K
Predicate,https://schema.org/author,10M+
Predicate,https://schema.org/author-input,< 1K
Predicate,https://schema.org/author-output,< 1K
Predicate,https://schema.org/availability,10M+
Predicate,https://schema.org/availability-input,< 1K
Predicate,https://schema.org/availability-output,< 1K
Predicate,https://schema.org/availabilityEnds,10K - 100K
Predicate,https://schema.org/availabilityEnds-input,< 1K
Predicate,https://schema.org/availabilityEnds-output,< 1K
Predicate,https://schema.org/availabilityStarts,10K - 100K
Predicate,https://schema.org/availabilityStarts-input,< 1K
Predicate,https://schema.org/availabilityStarts-output,< 1K
Predicate,https://schema.org/availableAtOrFrom,10K - 100K
Predicate,https://schema.org/availableAtOrFrom-input,< 1K
Predicate,https://schema.org/availableAtOrFrom-output,< 1K
Predicate,https://schema.org/availableChannel,100K - 1M
Predicate,https://schema.org/availableChannel-input,< 1K
Predicate,https://schema.org/availableChannel-output,< 1K
Predicate,https://schema.org/availableDeliveryMethod,100K - 1M
Predicate,https://schema.org/availableDeliveryMethod-input,< 1K
Predicate,https://schema.org/availableDeliveryMethod-output,< 1K
Predicate,https://schema.org/availableFrom,< 1K
Predicate,https://schema.org/availableFrom-input,< 1K
Predicate,https://schema.org/availableFrom-output,< 1K
Predicate,https://schema.org/availableIn,< 1K
Predicate,https://schema.org/availableIn-input,< 1K
Predicate,https://schema.org/availableIn-output,< 1K
Predicate,https://schema.org/availableLanguage,1M - 10M
Predicate,https://schema.org/availableLanguage-input,< 1K
Predicate,https://schema.org/availableLanguage-output,< 1K
Predicate,https://schema.org/availableOnDevice,1K - 10K
Predicate,https://schema.org/availableOnDevice-input,< 1K
Predicate,https://schema.org/availableOnDevice-output,< 1K
Predicate,https://schema.org/availableService,10K - 100K
Predicate,https://schema.org/availableService-input,< 1K
Predicate,https://schema.org/availableService-output,< 1K
Predicate,https://schema.org/availableStrength,< 1K
Predicate,https://schema.org/availableStrength-input,< 1K
Predicate,https://schema.org/availableStrength-output,< 1K
Predicate,https://schema.org/availableTest,< 1K
Predicate,https://schema.org/availableTest-input,< 1K
Predicate,https://schema.org/availableTest-output,< 1K
Predicate,https://schema.org/availableThrough,< 1K
Predicate,https://schema.org/availableThrough-input,< 1K
Predicate,https://schema.org/availableThrough-output,< 1K
Predicate,https://schema.org/award,100K - 1M
Predicate,https://schema.org/award-input,< 1K
Predicate,https://schema.org/award-output,< 1K
Predicate,https://schema.org/awards,1K - 10K
Predicate,https://schema.org/awards-input,< 1K
Predicate,https://schema.org/awards-output,< 1K
Predicate,https://schema.org/awayTeam,10K - 100K
Predicate,https://schema.org/awayTeam-input,< 1K
Predicate,https://schema.org/awayTeam-output,< 1K
Predicate,https://schema.org/backstory,1K - 10K
Predicate,https://schema.org/backstory-input,< 1K
Predicate,https://schema.org/backstory-output,< 1K
Predicate,https://schema.org/bankAccountType,< 1K
Predicate,https://schema.org/bankAccountType-input,< 1K
Predicate,https://schema.org/bankAccountType-output,< 1K
Predicate,https://schema.org/baseSalary,10K - 100K
Predicate,https://schema.org/baseSalary-input,< 1K
Predicate,https://schema.org/baseSalary-output,< 1K
Predicate,https://schema.org/bccRecipient,< 1K
Predicate,https://schema.org/bccRecipient-input,< 1K
Predicate,https://schema.org/bccRecipient-output,< 1K
Predicate,https://schema.org/bed,10K - 100K
Predicate,https://schema.org/bed-input,< 1K
Predicate,https://schema.org/bed-output,< 1K
Predicate,https://schema.org/beforeMedia,< 1K
Predicate,https://schema.org/beforeMedia-input,< 1K
Predicate,https://schema.org/beforeMedia-output,< 1K
Predicate,https://schema.org/beneficiaryBank,< 1K
Predicate,https://schema.org/beneficiaryBank-input,< 1K
Predicate,https://schema.org/beneficiaryBank-output,< 1K
Predicate,https://schema.org/benefits,1K - 10K
Predicate,https://schema.org/benefits-input,< 1K
Predicate,https://schema.org/benefits-output,< 1K
Predicate,https://schema.org/benefitsSummaryUrl,< 1K
Predicate,https://schema.org/benefitsSummaryUrl-input,< 1K
Predicate,https://schema.org/benefitsSummaryUrl-output,< 1K
Predicate,https://schema.org/bestRating,1M - 10M
Predicate,https://schema.org/bestRating-input,< 1K
Predicate,https://schema.org/bestRating-output,< 1K
Predicate,https://schema.org/billingAddress,< 1K
Predicate,https://schema.org/billingAddress-input,< 1K
Predicate,https://schema.org/billingAddress-output,< 1K
Predicate,https://schema.org/billingDuration,10K - 100K
Predicate,https://schema.org/billingDuration-input,< 1K
Predicate,https://schema.org/billingDuration-output,< 1K
Predicate,https://schema.org/billingIncrement,10K - 100K
Predicate,https://schema.org/billingIncrement-input,< 1K
Predicate,https://schema.org/billingIncrement-output,< 1K
Predicate,https://schema.org/billingPeriod,1K - 10K
Predicate,https://schema.org/billingPeriod-input,< 1K
Predicate,https://schema.org/billingPeriod-output,< 1K
Predicate,https://schema.org/billingStart,< 1K
Predicate,https://schema.org/billingStart-input,< 1K
Predicate,https://schema.org/billingStart-output,< 1K
Predicate,https://schema.org/bioChemInteraction,< 1K
Predicate,https://schema.org/bioChemInteraction-input,< 1K
Predicate,https://schema.org/bioChemInteraction-output,< 1K
Predicate,https://schema.org/bioChemSimilarity,< 1K
Predicate,https://schema.org/bioChemSimilarity-input,< 1K
Predicate,https://schema.org/bioChemSimilarity-output,< 1K
Predicate,https://schema.org/biologicalRole,< 1K
Predicate,https://schema.org/biologicalRole-input,< 1K
Predicate,https://schema.org/biologicalRole-output,< 1K
Predicate,https://schema.org/biomechnicalClass,< 1K
Predicate,https://schema.org/biomechnicalClass-input,< 1K
Predicate,https://schema.org/biomechnicalClass-output,< 1K
Predicate,https://schema.org/birthDate,10K - 100K
Predicate,https://schema.org/birthDate-input,< 1K
Predicate,https://schema.org/birthDate-output,< 1K
Predicate,https://schema.org/birthPlace,10K - 100K
Predicate,https://schema.org/birthPlace-input,< 1K
Predicate,https://schema.org/birthPlace-output,< 1K
Predicate,https://schema.org/bitrate,1K - 10K
Predicate,https://schema.org/bitrate-input,< 1K
Predicate,https://schema.org/bitrate-output,< 1K
Predicate,https://schema.org/blogPost,100K - 1M
Predicate,https://schema.org/blogPost-input,< 1K
Predicate,https://schema.org/blogPost-output,< 1K
Predicate,https://schema.org/blogPosts,10K - 100K
Predicate,https://schema.org/blogPosts-input,< 1K
Predicate,https://schema.org/blogPosts-output,< 1K
Predicate,https://schema.org/bloodSupply,< 1K
Predicate,https://schema.org/bloodSupply-input,< 1K
Predicate,https://schema.org/bloodSupply-output,< 1K
Predicate,https://schema.org/boardingGroup,< 1K
Predicate,https://schema.org/boardingGroup-input,< 1K
Predicate,https://schema.org/boardingGroup-output,< 1K
Predicate,https://schema.org/boardingPolicy,< 1K
Predicate,https://schema.org/boardingPolicy-input,< 1K
Predicate,https://schema.org/boardingPolicy-output,< 1K
Predicate,https://schema.org/bodyLocation,10K - 100K
Predicate,https://schema.org/bodyLocation-input,< 1K
Predicate,https://schema.org/bodyLocation-output,< 1K
Predicate,https://schema.org/bodyType,10K - 100K
Predicate,https://schema.org/bodyType-input,< 1K
Predicate,https://schema.org/bodyType-output,< 1K
Predicate,https://schema.org/bookEdition,1K - 10K
Predicate,https://schema.org/bookEdition-input,< 1K
Predicate,https://schema.org/bookEdition-output,< 1K
Predicate,https://schema.org/bookFormat,10K - 100K
Predicate,https://schema.org/bookFormat-input,< 1K
Predicate,https://schema.org/bookFormat-output,< 1K
Predicate,https://schema.org/bookingAgent,< 1K
Predicate,https://schema.org/bookingAgent-input,< 1K
Predicate,https://schema.org/bookingAgent-output,< 1K
Predicate,https://schema.org/bookingTime,< 1K
Predicate,https://schema.org/bookingTime-input,< 1K
Predicate,https://schema.org/bookingTime-output,< 1K
Predicate,https://schema.org/borrower,< 1K
Predicate,https://schema.org/borrower-input,< 1K
Predicate,https://schema.org/borrower-output,< 1K
Predicate,https://schema.org/box,1K - 10K
Predicate,https://schema.org/box-input,< 1K
Predicate,https://schema.org/box-output,< 1K
Predicate,https://schema.org/branch,< 1K
Predicate,https://schema.org/branch-input,< 1K
Predicate,https://schema.org/branch-output,< 1K
Predicate,https://schema.org/branchCode,1K - 10K
Predicate,https://schema.org/branchCode-input,< 1K
Predicate,https://schema.org/branchCode-output,< 1K
Predicate,https://schema.org/branchOf,10K - 100K
Predicate,https://schema.org/branchOf-input,< 1K
Predicate,https://schema.org/branchOf-output,< 1K
Predicate,https://schema.org/brand,1M - 10M
Predicate,https://schema.org/brand-input,< 1K
Predicate,https://schema.org/brand-output,< 1K
Predicate,https://schema.org/breadcrumb,10M+
Predicate,https://schema.org/breadcrumb-input,< 1K
Predicate,https://schema.org/breadcrumb-output,< 1K
Predicate,https://schema.org/breastfeedingWarning,< 1K
Predicate,https://schema.org/breastfeedingWarning-input,< 1K
Predicate,https://schema.org/breastfeedingWarning-output,< 1K
Predicate,https://schema.org/broadcastAffiliateOf,< 1K
Predicate,https://schema.org/broadcastAffiliateOf-input,< 1K
Predicate,https://schema.org/broadcastAffiliateOf-output,< 1K
Predicate,https://schema.org/broadcastChannelId,< 1K
Predicate,https://schema.org/broadcastChannelId-input,< 1K
Predicate,https://schema.org/broadcastChannelId-output,< 1K
Predicate,https://schema.org/broadcastDisplayName,1K - 10K
Predicate,https://schema.org/broadcastDisplayName-input,< 1K
Predicate,https://schema.org/broadcastDisplayName-output,< 1K
Predicate,https://schema.org/broadcastFrequency,1K - 10K
Predicate,https://schema.org/broadcastFrequency-input,< 1K
Predicate,https://schema.org/broadcastFrequency-output,< 1K
Predicate,https://schema.org/broadcastFrequencyValue,< 1K
Predicate,https://schema.org/broadcastFrequencyValue-input,< 1K
Predicate,https://schema.org/broadcastFrequencyValue-output,< 1K
Predicate,https://schema.org/broadcastOfEvent,1K - 10K
Predicate,https://schema.org/broadcastOfEvent-input,< 1K
Predicate,https://schema.org/broadcastOfEvent-output,< 1K
Predicate,https://schema.org/broadcastServiceTier,< 1K
Predicate,https://schema.org/broadcastServiceTier-input,< 1K
Predicate,https://schema.org/broadcastServiceTier-output,< 1K
Predicate,https://schema.org/broadcastSignalModulation,< 1K
Predicate,https://schema.org/broadcastSignalModulation-input,< 1K
Predicate,https://schema.org/broadcastSignalModulation-output,< 1K
Predicate,https://schema.org/broadcastSubChannel,< 1K
Predicate,https://schema.org/broadcastSubChannel-input,< 1K
Predicate,https://schema.org/broadcastSubChannel-output,< 1K
Predicate,https://schema.org/broadcastTimezone,< 1K
Predicate,https://schema.org/broadcastTimezone-input,< 1K
Predicate,https://schema.org/broadcastTimezone-output,< 1K
Predicate,https://schema.org/broadcaster,< 1K
Predicate,https://schema.org/broadcaster-input,< 1K
Predicate,https://schema.org/broadcaster-output,< 1K
Predicate,https://schema.org/broker,1K - 10K
Predicate,https://schema.org/broker-input,< 1K
Predicate,https://schema.org/broker-output,< 1K
Predicate,https://schema.org/browserRequirements,10K - 100K
Predicate,https://schema.org/browserRequirements-input,< 1K
Predicate,https://schema.org/browserRequirements-output,< 1K
Predicate,https://schema.org/busName,< 1K
Predicate,https://schema.org/busName-input,< 1K
Predicate,https://schema.org/busName-output,< 1K
Predicate,https://schema.org/busNumber,< 1K
Predicate,https://schema.org/busNumber-input,< 1K
Predicate,https://schema.org/busNumber-output,< 1K
Predicate,https://schema.org/businessDays,10K - 100K
Predicate,https://schema.org/businessDays-input,< 1K
Predicate,https://schema.org/businessDays-output,< 1K
Predicate,https://schema.org/businessFunction,1M - 10M
Predicate,https://schema.org/businessFunction-input,< 1K
Predicate,https://schema.org/businessFunction-output,< 1K
Predicate,https://schema.org/buyer,< 1K
Predicate,https://schema.org/buyer-input,< 1K
Predicate,https://schema.org/buyer-output,< 1K
Predicate,https://schema.org/byArtist,10K - 100K
Predicate,https://schema.org/byArtist-input,< 1K
Predicate,https://schema.org/byArtist-output,< 1K
Predicate,https://schema.org/byDay,1K - 10K
Predicate,https://schema.org/byDay-input,< 1K
Predicate,https://schema.org/byDay-output,< 1K
Predicate,https://schema.org/byMonth,< 1K
Predicate,https://schema.org/byMonth-input,< 1K
Predicate,https://schema.org/byMonth-output,< 1K
Predicate,https://schema.org/byMonthDay,< 1K
Predicate,https://schema.org/byMonthDay-input,< 1K
Predicate,https://schema.org/byMonthDay-output,< 1K
Predicate,https://schema.org/byMonthWeek,< 1K
Predicate,https://schema.org/byMonthWeek-input,< 1K
Predicate,https://schema.org/byMonthWeek-output,< 1K
Predicate,https://schema.org/callSign,< 1K
Predicate,https://schema.org/callSign-input,< 1K
Predicate,https://schema.org/callSign-output,< 1K
Predicate,https://schema.org/calories,10K - 100K
Predicate,https://schema.org/calories-input,< 1K
Predicate,https://schema.org/calories-output,< 1K
Predicate,https://schema.org/candidate,< 1K
Predicate,https://schema.org/candidate-input,< 1K
Predicate,https://schema.org/candidate-output,< 1K
Predicate,https://schema.org/caption,10M+
Predicate,https://schema.org/caption-input,< 1K
Predicate,https://schema.org/caption-output,< 1K
Predicate,https://schema.org/carbohydrateContent,10K - 100K
Predicate,https://schema.org/carbohydrateContent-input,< 1K
Predicate,https://schema.org/carbohydrateContent-output,< 1K
Predicate,https://schema.org/cargoVolume,1K - 10K
Predicate,https://schema.org/cargoVolume-input,< 1K
Predicate,https://schema.org/cargoVolume-output,< 1K
Predicate,https://schema.org/carrier,< 1K
Predicate,https://schema.org/carrier-input,< 1K
Predicate,https://schema.org/carrier-output,< 1K
Predicate,https://schema.org/carrierRequirements,< 1K
Predicate,https://schema.org/carrierRequirements-input,< 1K
Predicate,https://schema.org/carrierRequirements-output,< 1K
Predicate,https://schema.org/cashBack,< 1K
Predicate,https://schema.org/cashBack-input,< 1K
Predicate,https://schema.org/cashBack-output,< 1K
Predicate,https://schema.org/catalog,< 1K
Predicate,https://schema.org/catalog-input,< 1K
Predicate,https://schema.org/catalog-output,< 1K
Predicate,https://schema.org/catalogNumber,< 1K
Predicate,https://schema.org/catalogNumber-input,< 1K
Predicate,https://schema.org/catalogNumber-output,< 1K
Predicate,https://schema.org/category,1M - 10M
Predicate,https://schema.org/category-input,< 1K
Predicate,https://schema.org/category-output,< 1K
Predicate,https://schema.org/cause,1K - 10K
Predicate,https://schema.org/cause-input,< 1K
Predicate,https://schema.org/cause-output,< 1K
Predicate,https://schema.org/causeOf,< 1K
Predicate,https://schema.org/causeOf-input,< 1K
Predicate,https://schema.org/causeOf-output,< 1K
Predicate,https://schema.org/ccRecipient,< 1K
Predicate,https://schema.org/ccRecipient-input,< 1K
Predicate,https://schema.org/ccRecipient-output,< 1K
Predicate,https://schema.org/certificationIdentification,10K - 100K
Predicate,https://schema.org/certificationIdentification-input,< 1K
Predicate,https://schema.org/certificationIdentification-output,< 1K
Predicate,https://schema.org/certificationRating,< 1K
Predicate,https://schema.org/certificationRating-input,< 1K
Predicate,https://schema.org/certificationRating-output,< 1K
Predicate,https://schema.org/certificationStatus,1K - 10K
Predicate,https://schema.org/certificationStatus-input,< 1K
Predicate,https://schema.org/certificationStatus-output,< 1K
Predicate,https://schema.org/character,1K - 10K
Predicate,https://schema.org/character-input,< 1K
Predicate,https://schema.org/character-output,< 1K
Predicate,https://schema.org/characterAttribute,< 1K
Predicate,https://schema.org/characterAttribute-input,< 1K
Predicate,https://schema.org/characterAttribute-output,< 1K
Predicate,https://schema.org/characterName,< 1K
Predicate,https://schema.org/characterName-input,< 1K
Predicate,https://schema.org/characterName-output,< 1K
Predicate,https://schema.org/cheatCode,< 1K
Predicate,https://schema.org/cheatCode-input,< 1K
Predicate,https://schema.org/cheatCode-output,< 1K
Predicate,https://schema.org/checkinTime,10K - 100K
Predicate,https://schema.org/checkinTime-input,< 1K
Predicate,https://schema.org/checkinTime-output,< 1K
Predicate,https://schema.org/checkoutPageURLTemplate,10K - 100K
Predicate,https://schema.org/checkoutPageURLTemplate-input,< 1K
Predicate,https://schema.org/checkoutPageURLTemplate-output,< 1K
Predicate,https://schema.org/checkoutTime,10K - 100K
Predicate,https://schema.org/checkoutTime-input,< 1K
Predicate,https://schema.org/checkoutTime-output,< 1K
Predicate,https://schema.org/chemicalComposition,< 1K
Predicate,https://schema.org/chemicalComposition-input,< 1K
Predicate,https://schema.org/chemicalComposition-output,< 1K
Predicate,https://schema.org/chemicalRole,< 1K
Predicate,https://schema.org/chemicalRole-input,< 1K
Predicate,https://schema.org/chemicalRole-output,< 1K
Predicate,https://schema.org/childMaxAge,< 1K
Predicate,https://schema.org/childMaxAge-input,< 1K
Predicate,https://schema.org/childMaxAge-output,< 1K
Predicate,https://schema.org/childMinAge,< 1K
Predicate,https://schema.org/childMinAge-input,< 1K
Predicate,https://schema.org/childMinAge-output,< 1K
Predicate,https://schema.org/childTaxon,< 1K
Predicate,https://schema.org/childTaxon-input,< 1K
Predicate,https://schema.org/childTaxon-output,< 1K
Predicate,https://schema.org/children,1K - 10K
Predicate,https://schema.org/children-input,< 1K
Predicate,https://schema.org/children-output,< 1K
Predicate,https://schema.org/cholesterolContent,10K - 100K
Predicate,https://schema.org/cholesterolContent-input,< 1K
Predicate,https://schema.org/cholesterolContent-output,< 1K
Predicate,https://schema.org/circle,1K - 10K
Predicate,https://schema.org/circle-input,< 1K
Predicate,https://schema.org/circle-output,< 1K
Predicate,https://schema.org/citation,10K - 100K
Predicate,https://schema.org/citation-input,< 1K
Predicate,https://schema.org/citation-output,< 1K
Predicate,https://schema.org/claimInterpreter,< 1K
Predicate,https://schema.org/claimInterpreter-input,< 1K
Predicate,https://schema.org/claimInterpreter-output,< 1K
Predicate,https://schema.org/claimReviewed,1K - 10K
Predicate,https://schema.org/claimReviewed-input,< 1K
Predicate,https://schema.org/claimReviewed-output,< 1K
Predicate,https://schema.org/clincalPharmacology,< 1K
Predicate,https://schema.org/clincalPharmacology-input,< 1K
Predicate,https://schema.org/clincalPharmacology-output,< 1K
Predicate,https://schema.org/clinicalPharmacology,< 1K
Predicate,https://schema.org/clinicalPharmacology-input,< 1K
Predicate,https://schema.org/clinicalPharmacology-output,< 1K
Predicate,https://schema.org/clipNumber,< 1K
Predicate,https://schema.org/clipNumber-input,< 1K
Predicate,https://schema.org/clipNumber-output,< 1K
Predicate,https://schema.org/closes,1M - 10M
Predicate,https://schema.org/closes-input,< 1K
Predicate,https://schema.org/closes-output,< 1K
Predicate,https://schema.org/coach,1K - 10K
Predicate,https://schema.org/coach-input,< 1K
Predicate,https://schema.org/coach-output,< 1K
Predicate,https://schema.org/code,1K - 10K
Predicate,https://schema.org/code-input,< 1K
Predicate,https://schema.org/code-output,< 1K
Predicate,https://schema.org/codeRepository,1K - 10K
Predicate,https://schema.org/codeRepository-input,< 1K
Predicate,https://schema.org/codeRepository-output,< 1K
Predicate,https://schema.org/codeSampleType,< 1K
Predicate,https://schema.org/codeSampleType-input,< 1K
Predicate,https://schema.org/codeSampleType-output,< 1K
Predicate,https://schema.org/codeValue,1K - 10K
Predicate,https://schema.org/codeValue-input,< 1K
Predicate,https://schema.org/codeValue-output,< 1K
Predicate,https://schema.org/codingSystem,1K - 10K
Predicate,https://schema.org/codingSystem-input,< 1K
Predicate,https://schema.org/codingSystem-output,< 1K
Predicate,https://schema.org/colleague,1K - 10K
Predicate,https://schema.org/colleague-input,< 1K
Predicate,https://schema.org/colleague-output,< 1K
Predicate,https://schema.org/colleagues,< 1K
Predicate,https://schema.org/colleagues-input,< 1K
Predicate,https://schema.org/colleagues-output,< 1K
Predicate,https://schema.org/collection,< 1K
Predicate,https://schema.org/collection-input,< 1K
Predicate,https://schema.org/collection-output,< 1K
Predicate,https://schema.org/collectionSize,1K - 10K
Predicate,https://schema.org/collectionSize-input,< 1K
Predicate,https://schema.org/collectionSize-output,< 1K
Predicate,https://schema.org/color,100K - 1M
Predicate,https://schema.org/color-input,< 1K
Predicate,https://schema.org/color-output,< 1K
Predicate,https://schema.org/colorSwatch,< 1K
Predicate,https://schema.org/colorSwatch-input,< 1K
Predicate,https://schema.org/colorSwatch-output,< 1K
Predicate,https://schema.org/colorist,< 1K
Predicate,https://schema.org/colorist-input,< 1K
Predicate,https://schema.org/colorist-output,< 1K
Predicate,https://schema.org/comment,10K - 100K
Predicate,https://schema.org/comment-input,< 1K
Predicate,https://schema.org/comment-output,< 1K
Predicate,https://schema.org/commentCount,1M - 10M
Predicate,https://schema.org/commentCount-input,< 1K
Predicate,https://schema.org/commentCount-output,< 1K
Predicate,https://schema.org/commentText,10K - 100K
Predicate,https://schema.org/commentText-input,< 1K
Predicate,https://schema.org/commentText-output,< 1K
Predicate,https://schema.org/commentTime,10K - 100K
Predicate,https://schema.org/commentTime-input,< 1K
Predicate,https://schema.org/commentTime-output,< 1K
Predicate,https://schema.org/companyRegistration,< 1K
Predicate,https://schema.org/companyRegistration-input,< 1K
Predicate,https://schema.org/companyRegistration-output,< 1K
Predicate,https://schema.org/competencyRequired,1K - 10K
Predicate,https://schema.org/competencyRequired-input,< 1K
Predicate,https://schema.org/competencyRequired-output,< 1K
Predicate,https://schema.org/competitor,1K - 10K
Predicate,https://schema.org/competitor-input,< 1K
Predicate,https://schema.org/competitor-output,< 1K
Predicate,https://schema.org/composer,1K - 10K
Predicate,https://schema.org/composer-input,< 1K
Predicate,https://schema.org/composer-output,< 1K
Predicate,https://schema.org/comprisedOf,< 1K
Predicate,https://schema.org/comprisedOf-input,< 1K
Predicate,https://schema.org/comprisedOf-output,< 1K
Predicate,https://schema.org/conditionsOfAccess,< 1K
Predicate,https://schema.org/conditionsOfAccess-input,< 1K
Predicate,https://schema.org/conditionsOfAccess-output,< 1K
Predicate,https://schema.org/confirmationNumber,< 1K
Predicate,https://schema.org/confirmationNumber-input,< 1K
Predicate,https://schema.org/confirmationNumber-output,< 1K
Predicate,https://schema.org/connectedTo,< 1K
Predicate,https://schema.org/connectedTo-input,< 1K
Predicate,https://schema.org/connectedTo-output,< 1K
Predicate,https://schema.org/constraintProperty,< 1K
Predicate,https://schema.org/constraintProperty-input,< 1K
Predicate,https://schema.org/constraintProperty-output,< 1K
Predicate,https://schema.org/contactOption,100K - 1M
Predicate,https://schema.org/contactOption-input,< 1K
Predicate,https://schema.org/contactOption-output,< 1K
Predicate,https://schema.org/contactPoint,1M - 10M
Predicate,https://schema.org/contactPoint-input,< 1K
Predicate,https://schema.org/contactPoint-output,< 1K
Predicate,https://schema.org/contactPoints,< 1K
Predicate,https://schema.org/contactPoints-input,< 1K
Predicate,https://schema.org/contactPoints-output,< 1K
Predicate,https://schema.org/contactType,1M - 10M
Predicate,https://schema.org/contactType-input,< 1K
Predicate,https://schema.org/contactType-output,< 1K
Predicate,https://schema.org/contactlessPayment,< 1K
Predicate,https://schema.org/contactlessPayment-input,< 1K
Predicate,https://schema.org/contactlessPayment-output,< 1K
Predicate,https://schema.org/containedIn,10K - 100K
Predicate,https://schema.org/containedIn-input,< 1K
Predicate,https://schema.org/containedIn-output,< 1K
Predicate,https://schema.org/containedInPlace,100K - 1M
Predicate,https://schema.org/containedInPlace-input,< 1K
Predicate,https://schema.org/containedInPlace-output,< 1K
Predicate,https://schema.org/containsPlace,10K - 100K
Predicate,https://schema.org/containsPlace-input,< 1K
Predicate,https://schema.org/containsPlace-output,< 1K
Predicate,https://schema.org/containsSeason,1K - 10K
Predicate,https://schema.org/containsSeason-input,< 1K
Predicate,https://schema.org/containsSeason-output,< 1K
Predicate,https://schema.org/contentLocation,10K - 100K
Predicate,https://schema.org/contentLocation-input,< 1K
Predicate,https://schema.org/contentLocation-output,< 1K
Predicate,https://schema.org/contentRating,10K - 100K
Predicate,https://schema.org/contentRating-input,< 1K
Predicate,https://schema.org/contentRating-output,< 1K
Predicate,https://schema.org/contentReferenceTime,1K - 10K
Predicate,https://schema.org/contentReferenceTime-input,< 1K
Predicate,https://schema.org/contentReferenceTime-output,< 1K
Predicate,https://schema.org/contentSize,100K - 1M
Predicate,https://schema.org/contentSize-input,< 1K
Predicate,https://schema.org/contentSize-output,< 1K
Predicate,https://schema.org/contentType,10K - 100K
Predicate,https://schema.org/contentType-input,< 1K
Predicate,https://schema.org/contentType-output,< 1K
Predicate,https://schema.org/contentUrl,10M+
Predicate,https://schema.org/contentUrl-input,< 1K
Predicate,https://schema.org/contentUrl-output,< 1K
Predicate,https://schema.org/contraindication,1K - 10K
Predicate,https://schema.org/contraindication-input,< 1K
Predicate,https://schema.org/contraindication-output,< 1K
Predicate,https://schema.org/contributor,100K - 1M
Predicate,https://schema.org/contributor-input,< 1K
Predicate,https://schema.org/contributor-output,< 1K
Predicate,https://schema.org/cookTime,10K - 100K
Predicate,https://schema.org/cookTime-input,< 1K
Predicate,https://schema.org/cookTime-output,< 1K
Predicate,https://schema.org/cookingMethod,1K - 10K
Predicate,https://schema.org/cookingMethod-input,< 1K
Predicate,https://schema.org/cookingMethod-output,< 1K
Predicate,https://schema.org/copyrightHolder,100K - 1M
Predicate,https://schema.org/copyrightHolder-input,< 1K
Predicate,https://schema.org/copyrightHolder-output,< 1K
Predicate,https://schema.org/copyrightNotice,10K - 100K
Predicate,https://schema.org/copyrightNotice-input,< 1K
Predicate,https://schema.org/copyrightNotice-output,< 1K
Predicate,https://schema.org/copyrightYear,100K - 1M
Predicate,https://schema.org/copyrightYear-input,< 1K
Predicate,https://schema.org/copyrightYear-output,< 1K
Predicate,https://schema.org/correction,< 1K
Predicate,https://schema.org/correction-input,< 1K
Predicate,https://schema.org/correction-output,< 1K
Predicate,https://schema.org/correctionsPolicy,10K - 100K
Predicate,https://schema.org/correctionsPolicy-input,< 1K
Predicate,https://schema.org/correctionsPolicy-output,< 1K
Predicate,https://schema.org/costCategory,< 1K
Predicate,https://schema.org/costCategory-input,< 1K
Predicate,https://schema.org/costCategory-output,< 1K
Predicate,https://schema.org/costCurrency,< 1K
Predicate,https://schema.org/costCurrency-input,< 1K
Predicate,https://schema.org/costCurrency-output,< 1K
Predicate,https://schema.org/costOrigin,< 1K
Predicate,https://schema.org/costOrigin-input,< 1K
Predicate,https://schema.org/costOrigin-output,< 1K
Predicate,https://schema.org/costPerUnit,< 1K
Predicate,https://schema.org/costPerUnit-input,< 1K
Predicate,https://schema.org/costPerUnit-output,< 1K
Predicate,https://schema.org/countriesNotSupported,< 1K
Predicate,https://schema.org/countriesNotSupported-input,< 1K
Predicate,https://schema.org/countriesNotSupported-output,< 1K
Predicate,https://schema.org/countriesSupported,1K - 10K
Predicate,https://schema.org/countriesSupported-input,< 1K
Predicate,https://schema.org/countriesSupported-output,< 1K
Predicate,https://schema.org/countryOfAssembly,1K - 10K
Predicate,https://schema.org/countryOfAssembly-input,< 1K
Predicate,https://schema.org/countryOfAssembly-output,< 1K
Predicate,https://schema.org/countryOfLastProcessing,< 1K
Predicate,https://schema.org/countryOfLastProcessing-input,< 1K
Predicate,https://schema.org/countryOfLastProcessing-output,< 1K
Predicate,https://schema.org/countryOfOrigin,10K - 100K
Predicate,https://schema.org/countryOfOrigin-input,< 1K
Predicate,https://schema.org/countryOfOrigin-output,< 1K
Predicate,https://schema.org/course,< 1K
Predicate,https://schema.org/course-input,< 1K
Predicate,https://schema.org/course-output,< 1K
Predicate,https://schema.org/courseCode,10K - 100K
Predicate,https://schema.org/courseCode-input,< 1K
Predicate,https://schema.org/courseCode-output,< 1K
Predicate,https://schema.org/courseMode,10K - 100K
Predicate,https://schema.org/courseMode-input,< 1K
Predicate,https://schema.org/courseMode-output,< 1K
Predicate,https://schema.org/coursePrerequisites,1K - 10K
Predicate,https://schema.org/coursePrerequisites-input,< 1K
Predicate,https://schema.org/coursePrerequisites-output,< 1K
Predicate,https://schema.org/courseSchedule,1K - 10K
Predicate,https://schema.org/courseSchedule-input,< 1K
Predicate,https://schema.org/courseSchedule-output,< 1K
Predicate,https://schema.org/courseWorkload,10K - 100K
Predicate,https://schema.org/courseWorkload-input,< 1K
Predicate,https://schema.org/courseWorkload-output,< 1K
Predicate,https://schema.org/coverageEndTime,1K - 10K
Predicate,https://schema.org/coverageEndTime-input,< 1K
Predicate,https://schema.org/coverageEndTime-output,< 1K
Predicate,https://schema.org/coverageStartTime,1K - 10K
Predicate,https://schema.org/coverageStartTime-input,< 1K
Predicate,https://schema.org/coverageStartTime-output,< 1K
Predicate,https://schema.org/creativeWorkStatus,1K - 10K
Predicate,https://schema.org/creativeWorkStatus-input,< 1K
Predicate,https://schema.org/creativeWorkStatus-output,< 1K
Predicate,https://schema.org/creator,1M - 10M
Predicate,https://schema.org/creator-input,< 1K
Predicate,https://schema.org/creator-output,< 1K
Predicate,https://schema.org/credentialCategory,100K - 1M
Predicate,https://schema.org/credentialCategory-input,< 1K
Predicate,https://schema.org/credentialCategory-output,< 1K
Predicate,https://schema.org/creditText,100K - 1M
Predicate,https://schema.org/creditText-input,< 1K
Predicate,https://schema.org/creditText-output,< 1K
Predicate,https://schema.org/creditedTo,< 1K
Predicate,https://schema.org/creditedTo-input,< 1K
Predicate,https://schema.org/creditedTo-output,< 1K
Predicate,https://schema.org/cssSelector,100K - 1M
Predicate,https://schema.org/cssSelector-input,< 1K
Predicate,https://schema.org/cssSelector-output,< 1K
Predicate,https://schema.org/currenciesAccepted,100K - 1M
Predicate,https://schema.org/currenciesAccepted-input,< 1K
Predicate,https://schema.org/currenciesAccepted-output,< 1K
Predicate,https://schema.org/currency,100K - 1M
Predicate,https://schema.org/currency-input,< 1K
Predicate,https://schema.org/currency-output,< 1K
Predicate,https://schema.org/currentExchangeRate,< 1K
Predicate,https://schema.org/currentExchangeRate-input,< 1K
Predicate,https://schema.org/currentExchangeRate-output,< 1K
Predicate,https://schema.org/customer,< 1K
Predicate,https://schema.org/customer-input,< 1K
Predicate,https://schema.org/customer-output,< 1K
Predicate,https://schema.org/customerRemorseReturnFees,1K - 10K
Predicate,https://schema.org/customerRemorseReturnFees-input,< 1K
Predicate,https://schema.org/customerRemorseReturnFees-output,< 1K
Predicate,https://schema.org/customerRemorseReturnLabelSource,1K - 10K
Predicate,https://schema.org/customerRemorseReturnLabelSource-input,< 1K
Predicate,https://schema.org/customerRemorseReturnLabelSource-output,< 1K
Predicate,https://schema.org/customerRemorseReturnShippingFeesAmount,< 1K
Predicate,https://schema.org/customerRemorseReturnShippingFeesAmount-input,< 1K
Predicate,https://schema.org/customerRemorseReturnShippingFeesAmount-output,< 1K
Predicate,https://schema.org/cutoffTime,10K - 100K
Predicate,https://schema.org/cutoffTime-input,< 1K
Predicate,https://schema.org/cutoffTime-output,< 1K
Predicate,https://schema.org/cvdCollectionDate,< 1K
Predicate,https://schema.org/cvdCollectionDate-input,< 1K
Predicate,https://schema.org/cvdCollectionDate-output,< 1K
Predicate,https://schema.org/cvdFacilityCounty,< 1K
Predicate,https://schema.org/cvdFacilityCounty-input,< 1K
Predicate,https://schema.org/cvdFacilityCounty-output,< 1K
Predicate,https://schema.org/cvdFacilityId,< 1K
Predicate,https://schema.org/cvdFacilityId-input,< 1K
Predicate,https://schema.org/cvdFacilityId-output,< 1K
Predicate,https://schema.org/cvdNumBeds,< 1K
Predicate,https://schema.org/cvdNumBeds-input,< 1K
Predicate,https://schema.org/cvdNumBeds-output,< 1K
Predicate,https://schema.org/cvdNumBedsOcc,< 1K
Predicate,https://schema.org/cvdNumBedsOcc-input,< 1K
Predicate,https://schema.org/cvdNumBedsOcc-output,< 1K
Predicate,https://schema.org/cvdNumC19Died,< 1K
Predicate,https://schema.org/cvdNumC19Died-input,< 1K
Predicate,https://schema.org/cvdNumC19Died-output,< 1K
Predicate,https://schema.org/cvdNumC19HOPats,< 1K
Predicate,https://schema.org/cvdNumC19HOPats-input,< 1K
Predicate,https://schema.org/cvdNumC19HOPats-output,< 1K
Predicate,https://schema.org/cvdNumC19HospPats,< 1K
Predicate,https://schema.org/cvdNumC19HospPats-input,< 1K
Predicate,https://schema.org/cvdNumC19HospPats-output,< 1K
Predicate,https://schema.org/cvdNumC19MechVentPats,< 1K
Predicate,https://schema.org/cvdNumC19MechVentPats-input,< 1K
Predicate,https://schema.org/cvdNumC19MechVentPats-output,< 1K
Predicate,https://schema.org/cvdNumC19OFMechVentPats,< 1K
Predicate,https://schema.org/cvdNumC19OFMechVentPats-input,< 1K
Predicate,https://schema.org/cvdNumC19OFMechVentPats-output,< 1K
Predicate,https://schema.org/cvdNumC19OverflowPats,< 1K
Predicate,https://schema.org/cvdNumC19OverflowPats-input,< 1K
Predicate,https://schema.org/cvdNumC19OverflowPats-output,< 1K
Predicate,https://schema.org/cvdNumICUBeds,< 1K
Predicate,https://schema.org/cvdNumICUBeds-input,< 1K
Predicate,https://schema.org/cvdNumICUBeds-output,< 1K
Predicate,https://schema.org/cvdNumICUBedsOcc,< 1K
Predicate,https://schema.org/cvdNumICUBedsOcc-input,< 1K
Predicate,https://schema.org/cvdNumICUBedsOcc-output,< 1K
Predicate,https://schema.org/cvdNumTotBeds,< 1K
Predicate,https://schema.org/cvdNumTotBeds-input,< 1K
Predicate,https://schema.org/cvdNumTotBeds-output,< 1K
Predicate,https://schema.org/cvdNumVent,< 1K
Predicate,https://schema.org/cvdNumVent-input,< 1K
Predicate,https://schema.org/cvdNumVent-output,< 1K
Predicate,https://schema.org/cvdNumVentUse,< 1K
Predicate,https://schema.org/cvdNumVentUse-input,< 1K
Predicate,https://schema.org/cvdNumVentUse-output,< 1K
Predicate,https://schema.org/data,1K - 10K
Predicate,https://schema.org/data-input,< 1K
Predicate,https://schema.org/data-output,< 1K
Predicate,https://schema.org/dataFeedElement,1K - 10K
Predicate,https://schema.org/dataFeedElement-input,< 1K
Predicate,https://schema.org/dataFeedElement-output,< 1K
Predicate,https://schema.org/dataset,1K - 10K
Predicate,https://schema.org/dataset-input,< 1K
Predicate,https://schema.org/dataset-output,< 1K
Predicate,https://schema.org/datasetTimeInterval,< 1K
Predicate,https://schema.org/datasetTimeInterval-input,< 1K
Predicate,https://schema.org/datasetTimeInterval-output,< 1K
Predicate,https://schema.org/dateCreated,100K - 1M
Predicate,https://schema.org/dateCreated-input,< 1K
Predicate,https://schema.org/dateCreated-output,< 1K
Predicate,https://schema.org/dateDeleted,< 1K
Predicate,https://schema.org/dateDeleted-input,< 1K
Predicate,https://schema.org/dateDeleted-output,< 1K
Predicate,https://schema.org/dateIssued,< 1K
Predicate,https://schema.org/dateIssued-input,< 1K
Predicate,https://schema.org/dateIssued-output,< 1K
Predicate,https://schema.org/dateModified,10M+
Predicate,https://schema.org/dateModified-input,< 1K
Predicate,https://schema.org/dateModified-output,< 1K
Predicate,https://schema.org/datePosted,100K - 1M
Predicate,https://schema.org/datePosted-input,< 1K
Predicate,https://schema.org/datePosted-output,< 1K
Predicate,https://schema.org/datePublished,10M+
Predicate,https://schema.org/datePublished-input,< 1K
Predicate,https://schema.org/datePublished-output,< 1K
Predicate,https://schema.org/dateRead,< 1K
Predicate,https://schema.org/dateRead-input,< 1K
Predicate,https://schema.org/dateRead-output,< 1K
Predicate,https://schema.org/dateReceived,< 1K
Predicate,https://schema.org/dateReceived-input,< 1K
Predicate,https://schema.org/dateReceived-output,< 1K
Predicate,https://schema.org/dateSent,< 1K
Predicate,https://schema.org/dateSent-input,< 1K
Predicate,https://schema.org/dateSent-output,< 1K
Predicate,https://schema.org/dateVehicleFirstRegistered,1K - 10K
Predicate,https://schema.org/dateVehicleFirstRegistered-input,< 1K
Predicate,https://schema.org/dateVehicleFirstRegistered-output,< 1K
Predicate,https://schema.org/dateline,1K - 10K
Predicate,https://schema.org/dateline-input,< 1K
Predicate,https://schema.org/dateline-output,< 1K
Predicate,https://schema.org/dayOfWeek,1M - 10M
Predicate,https://schema.org/dayOfWeek-input,< 1K
Predicate,https://schema.org/dayOfWeek-output,< 1K
Predicate,https://schema.org/deathDate,10K - 100K
Predicate,https://schema.org/deathDate-input,< 1K
Predicate,https://schema.org/deathDate-output,< 1K
Predicate,https://schema.org/deathPlace,1K - 10K
Predicate,https://schema.org/deathPlace-input,< 1K
Predicate,https://schema.org/deathPlace-output,< 1K
Predicate,https://schema.org/defaultValue,100K - 1M
Predicate,https://schema.org/defaultValue-input,< 1K
Predicate,https://schema.org/defaultValue-output,< 1K
Predicate,https://schema.org/deliveryAddress,< 1K
Predicate,https://schema.org/deliveryAddress-input,< 1K
Predicate,https://schema.org/deliveryAddress-output,< 1K
Predicate,https://schema.org/deliveryLeadTime,10K - 100K
Predicate,https://schema.org/deliveryLeadTime-input,< 1K
Predicate,https://schema.org/deliveryLeadTime-output,< 1K
Predicate,https://schema.org/deliveryMethod,100K - 1M
Predicate,https://schema.org/deliveryMethod-input,< 1K
Predicate,https://schema.org/deliveryMethod-output,< 1K
Predicate,https://schema.org/deliveryStatus,< 1K
Predicate,https://schema.org/deliveryStatus-input,< 1K
Predicate,https://schema.org/deliveryStatus-output,< 1K
Predicate,https://schema.org/deliveryTime,100K - 1M
Predicate,https://schema.org/deliveryTime-input,< 1K
Predicate,https://schema.org/deliveryTime-output,< 1K
Predicate,https://schema.org/department,10K - 100K
Predicate,https://schema.org/department-input,< 1K
Predicate,https://schema.org/department-output,< 1K
Predicate,https://schema.org/departureAirport,1K - 10K
Predicate,https://schema.org/departureAirport-input,< 1K
Predicate,https://schema.org/departureAirport-output,< 1K
Predicate,https://schema.org/departureBoatTerminal,< 1K
Predicate,https://schema.org/departureBoatTerminal-input,< 1K
Predicate,https://schema.org/departureBoatTerminal-output,< 1K
Predicate,https://schema.org/departureBusStop,< 1K
Predicate,https://schema.org/departureBusStop-input,< 1K
Predicate,https://schema.org/departureBusStop-output,< 1K
Predicate,https://schema.org/departureGate,< 1K
Predicate,https://schema.org/departureGate-input,< 1K
Predicate,https://schema.org/departureGate-output,< 1K
Predicate,https://schema.org/departurePlatform,< 1K
Predicate,https://schema.org/departurePlatform-input,< 1K
Predicate,https://schema.org/departurePlatform-output,< 1K
Predicate,https://schema.org/departureStation,< 1K
Predicate,https://schema.org/departureStation-input,< 1K
Predicate,https://schema.org/departureStation-output,< 1K
Predicate,https://schema.org/departureTerminal,< 1K
Predicate,https://schema.org/departureTerminal-input,< 1K
Predicate,https://schema.org/departureTerminal-output,< 1K
Predicate,https://schema.org/departureTime,1K - 10K
Predicate,https://schema.org/departureTime-input,< 1K
Predicate,https://schema.org/departureTime-output,< 1K
Predicate,https://schema.org/dependencies,10K - 100K
Predicate,https://schema.org/dependencies-input,< 1K
Predicate,https://schema.org/dependencies-output,< 1K
Predicate,https://schema.org/depth,10K - 100K
Predicate,https://schema.org/depth-input,< 1K
Predicate,https://schema.org/depth-output,< 1K
Predicate,https://schema.org/description,10M+
Predicate,https://schema.org/description-input,< 1K
Predicate,https://schema.org/description-output,< 1K
Predicate,https://schema.org/device,< 1K
Predicate,https://schema.org/device-input,< 1K
Predicate,https://schema.org/device-output,< 1K
Predicate,https://schema.org/diagnosis,< 1K
Predicate,https://schema.org/diagnosis-input,< 1K
Predicate,https://schema.org/diagnosis-output,< 1K
Predicate,https://schema.org/diagram,< 1K
Predicate,https://schema.org/diagram-input,< 1K
Predicate,https://schema.org/diagram-output,< 1K
Predicate,https://schema.org/diet,< 1K
Predicate,https://schema.org/diet-input,< 1K
Predicate,https://schema.org/diet-output,< 1K
Predicate,https://schema.org/dietFeatures,< 1K
Predicate,https://schema.org/dietFeatures-input,< 1K
Predicate,https://schema.org/dietFeatures-output,< 1K
Predicate,https://schema.org/differentialDiagnosis,< 1K
Predicate,https://schema.org/differentialDiagnosis-input,< 1K
Predicate,https://schema.org/differentialDiagnosis-output,< 1K
Predicate,https://schema.org/digitalSourceType,< 1K
Predicate,https://schema.org/digitalSourceType-input,< 1K
Predicate,https://schema.org/digitalSourceType-output,< 1K
Predicate,https://schema.org/directApply,10K - 100K
Predicate,https://schema.org/directApply-input,< 1K
Predicate,https://schema.org/directApply-output,< 1K
Predicate,https://schema.org/director,10K - 100K
Predicate,https://schema.org/director-input,< 1K
Predicate,https://schema.org/director-output,< 1K
Predicate,https://schema.org/directors,< 1K
Predicate,https://schema.org/directors-input,< 1K
Predicate,https://schema.org/directors-output,< 1K
Predicate,https://schema.org/disambiguatingDescription,10K - 100K
Predicate,https://schema.org/disambiguatingDescription-input,< 1K
Predicate,https://schema.org/disambiguatingDescription-output,< 1K
Predicate,https://schema.org/discount,10K - 100K
Predicate,https://schema.org/discount-input,< 1K
Predicate,https://schema.org/discount-output,< 1K
Predicate,https://schema.org/discountCode,< 1K
Predicate,https://schema.org/discountCode-input,< 1K
Predicate,https://schema.org/discountCode-output,< 1K
Predicate,https://schema.org/discountCurrency,< 1K
Predicate,https://schema.org/discountCurrency-input,< 1K
Predicate,https://schema.org/discountCurrency-output,< 1K
Predicate,https://schema.org/discusses,1K - 10K
Predicate,https://schema.org/discusses-input,< 1K
Predicate,https://schema.org/discusses-output,< 1K
Predicate,https://schema.org/discussionUrl,10K - 100K
Predicate,https://schema.org/discussionUrl-input,< 1K
Predicate,https://schema.org/discussionUrl-output,< 1K
Predicate,https://schema.org/diseasePreventionInfo,< 1K
Predicate,https://schema.org/diseasePreventionInfo-input,< 1K
Predicate,https://schema.org/diseasePreventionInfo-output,< 1K
Predicate,https://schema.org/diseaseSpreadStatistics,< 1K
Predicate,https://schema.org/diseaseSpreadStatistics-input,< 1K
Predicate,https://schema.org/diseaseSpreadStatistics-output,< 1K
Predicate,https://schema.org/displayLocation,< 1K
Predicate,https://schema.org/displayLocation-input,< 1K
Predicate,https://schema.org/displayLocation-output,< 1K
Predicate,https://schema.org/dissolutionDate,< 1K
Predicate,https://schema.org/dissolutionDate-input,< 1K
Predicate,https://schema.org/dissolutionDate-output,< 1K
Predicate,https://schema.org/distance,1K - 10K
Predicate,https://schema.org/distance-input,< 1K
Predicate,https://schema.org/distance-output,< 1K
Predicate,https://schema.org/distinguishingSign,< 1K
Predicate,https://schema.org/distinguishingSign-input,< 1K
Predicate,https://schema.org/distinguishingSign-output,< 1K
Predicate,https://schema.org/distribution,10K - 100K
Predicate,https://schema.org/distribution-input,< 1K
Predicate,https://schema.org/distribution-output,< 1K
Predicate,https://schema.org/diversityPolicy,10K - 100K
Predicate,https://schema.org/diversityPolicy-input,< 1K
Predicate,https://schema.org/diversityPolicy-output,< 1K
Predicate,https://schema.org/diversityStaffingReport,1K - 10K
Predicate,https://schema.org/diversityStaffingReport-input,< 1K
Predicate,https://schema.org/diversityStaffingReport-output,< 1K
Predicate,https://schema.org/documentation,1K - 10K
Predicate,https://schema.org/documentation-input,< 1K
Predicate,https://schema.org/documentation-output,< 1K
Predicate,https://schema.org/doesNotShip,10K - 100K
Predicate,https://schema.org/doesNotShip-input,< 1K
Predicate,https://schema.org/doesNotShip-output,< 1K
Predicate,https://schema.org/domainIncludes,< 1K
Predicate,https://schema.org/domainIncludes-input,< 1K
Predicate,https://schema.org/domainIncludes-output,< 1K
Predicate,https://schema.org/domiciledMortgage,< 1K
Predicate,https://schema.org/domiciledMortgage-input,< 1K
Predicate,https://schema.org/domiciledMortgage-output,< 1K
Predicate,https://schema.org/doorTime,1K - 10K
Predicate,https://schema.org/doorTime-input,< 1K
Predicate,https://schema.org/doorTime-output,< 1K
Predicate,https://schema.org/dosageForm,1K - 10K
Predicate,https://schema.org/dosageForm-input,< 1K
Predicate,https://schema.org/dosageForm-output,< 1K
Predicate,https://schema.org/doseSchedule,< 1K
Predicate,https://schema.org/doseSchedule-input,< 1K
Predicate,https://schema.org/doseSchedule-output,< 1K
Predicate,https://schema.org/doseUnit,< 1K
Predicate,https://schema.org/doseUnit-input,< 1K
Predicate,https://schema.org/doseUnit-output,< 1K
Predicate,https://schema.org/doseValue,< 1K
Predicate,https://schema.org/doseValue-input,< 1K
Predicate,https://schema.org/doseValue-output,< 1K
Predicate,https://schema.org/downPayment,< 1K
Predicate,https://schema.org/downPayment-input,< 1K
Predicate,https://schema.org/downPayment-output,< 1K
Predicate,https://schema.org/downloadUrl,100K - 1M
Predicate,https://schema.org/downloadUrl-input,< 1K
Predicate,https://schema.org/downloadUrl-output,< 1K
Predicate,https://schema.org/downvoteCount,1K - 10K
Predicate,https://schema.org/downvoteCount-input,< 1K
Predicate,https://schema.org/downvoteCount-output,< 1K
Predicate,https://schema.org/drainsTo,< 1K
Predicate,https://schema.org/drainsTo-input,< 1K
Predicate,https://schema.org/drainsTo-output,< 1K
Predicate,https://schema.org/driveWheelConfiguration,10K - 100K
Predicate,https://schema.org/driveWheelConfiguration-input,< 1K
Predicate,https://schema.org/driveWheelConfiguration-output,< 1K
Predicate,https://schema.org/dropoffLocation,< 1K
Predicate,https://schema.org/dropoffLocation-input,< 1K
Predicate,https://schema.org/dropoffLocation-output,< 1K
Predicate,https://schema.org/dropoffTime,< 1K
Predicate,https://schema.org/dropoffTime-input,< 1K
Predicate,https://schema.org/dropoffTime-output,< 1K
Predicate,https://schema.org/drug,< 1K
Predicate,https://schema.org/drug-input,< 1K
Predicate,https://schema.org/drug-output,< 1K
Predicate,https://schema.org/drugClass,1K - 10K
Predicate,https://schema.org/drugClass-input,< 1K
Predicate,https://schema.org/drugClass-output,< 1K
Predicate,https://schema.org/drugUnit,< 1K
Predicate,https://schema.org/drugUnit-input,< 1K
Predicate,https://schema.org/drugUnit-output,< 1K
Predicate,https://schema.org/duns,1K - 10K
Predicate,https://schema.org/duns-input,< 1K
Predicate,https://schema.org/duns-output,< 1K
Predicate,https://schema.org/duplicateTherapy,< 1K
Predicate,https://schema.org/duplicateTherapy-input,< 1K
Predicate,https://schema.org/duplicateTherapy-output,< 1K
Predicate,https://schema.org/duration,1M - 10M
Predicate,https://schema.org/duration-input,< 1K
Predicate,https://schema.org/duration-output,< 1K
Predicate,https://schema.org/durationOfWarranty,1K - 10K
Predicate,https://schema.org/durationOfWarranty-input,< 1K
Predicate,https://schema.org/durationOfWarranty-output,< 1K
Predicate,https://schema.org/duringMedia,< 1K
Predicate,https://schema.org/duringMedia-input,< 1K
Predicate,https://schema.org/duringMedia-output,< 1K
Predicate,https://schema.org/earlyPrepaymentPenalty,< 1K
Predicate,https://schema.org/earlyPrepaymentPenalty-input,< 1K
Predicate,https://schema.org/earlyPrepaymentPenalty-output,< 1K
Predicate,https://schema.org/editEIDR,< 1K
Predicate,https://schema.org/editEIDR-input,< 1K
Predicate,https://schema.org/editEIDR-output,< 1K
Predicate,https://schema.org/editor,100K - 1M
Predicate,https://schema.org/editor-input,< 1K
Predicate,https://schema.org/editor-output,< 1K
Predicate,https://schema.org/eduQuestionType,1K - 10K
Predicate,https://schema.org/eduQuestionType-input,< 1K
Predicate,https://schema.org/eduQuestionType-output,< 1K
Predicate,https://schema.org/educationRequirements,10K - 100K
Predicate,https://schema.org/educationRequirements-input,< 1K
Predicate,https://schema.org/educationRequirements-output,< 1K
Predicate,https://schema.org/educationalAlignment,1K - 10K
Predicate,https://schema.org/educationalAlignment-input,< 1K
Predicate,https://schema.org/educationalAlignment-output,< 1K
Predicate,https://schema.org/educationalCredentialAwarded,10K - 100K
Predicate,https://schema.org/educationalCredentialAwarded-input,< 1K
Predicate,https://schema.org/educationalCredentialAwarded-output,< 1K
Predicate,https://schema.org/educationalFramework,1K - 10K
Predicate,https://schema.org/educationalFramework-input,< 1K
Predicate,https://schema.org/educationalFramework-output,< 1K
Predicate,https://schema.org/educationalLevel,10K - 100K
Predicate,https://schema.org/educationalLevel-input,< 1K
Predicate,https://schema.org/educationalLevel-output,< 1K
Predicate,https://schema.org/educationalProgramMode,1K - 10K
Predicate,https://schema.org/educationalProgramMode-input,< 1K
Predicate,https://schema.org/educationalProgramMode-output,< 1K
Predicate,https://schema.org/educationalRole,10K - 100K
Predicate,https://schema.org/educationalRole-input,< 1K
Predicate,https://schema.org/educationalRole-output,< 1K
Predicate,https://schema.org/educationalUse,1K - 10K
Predicate,https://schema.org/educationalUse-input,< 1K
Predicate,https://schema.org/educationalUse-output,< 1K
Predicate,https://schema.org/elevation,1K - 10K
Predicate,https://schema.org/elevation-input,< 1K
Predicate,https://schema.org/elevation-output,< 1K
Predicate,https://schema.org/eligibilityToWorkRequirement,< 1K
Predicate,https://schema.org/eligibilityToWorkRequirement-input,< 1K
Predicate,https://schema.org/eligibilityToWorkRequirement-output,< 1K
Predicate,https://schema.org/eligibleCustomerType,1K - 10K
Predicate,https://schema.org/eligibleCustomerType-input,< 1K
Predicate,https://schema.org/eligibleCustomerType-output,< 1K
Predicate,https://schema.org/eligibleDuration,10K - 100K
Predicate,https://schema.org/eligibleDuration-input,< 1K
Predicate,https://schema.org/eligibleDuration-output,< 1K
Predicate,https://schema.org/eligibleQuantity,100K - 1M
Predicate,https://schema.org/eligibleQuantity-input,< 1K
Predicate,https://schema.org/eligibleQuantity-output,< 1K
Predicate,https://schema.org/eligibleRegion,10K - 100K
Predicate,https://schema.org/eligibleRegion-input,< 1K
Predicate,https://schema.org/eligibleRegion-output,< 1K
Predicate,https://schema.org/eligibleTransactionVolume,10K - 100K
Predicate,https://schema.org/eligibleTransactionVolume-input,< 1K
Predicate,https://schema.org/eligibleTransactionVolume-output,< 1K
Predicate,https://schema.org/eligibleWithSupplier,< 1K
Predicate,https://schema.org/eligibleWithSupplier-input,< 1K
Predicate,https://schema.org/eligibleWithSupplier-output,< 1K
Predicate,https://schema.org/email,1M - 10M
Predicate,https://schema.org/email-input,< 1K
Predicate,https://schema.org/email-output,< 1K
Predicate,https://schema.org/embedUrl,1M - 10M
Predicate,https://schema.org/embedUrl-input,< 1K
Predicate,https://schema.org/embedUrl-output,< 1K
Predicate,https://schema.org/embeddedTextCaption,1K - 10K
Predicate,https://schema.org/embeddedTextCaption-input,< 1K
Predicate,https://schema.org/embeddedTextCaption-output,< 1K
Predicate,https://schema.org/emissionsCO2,1K - 10K
Predicate,https://schema.org/emissionsCO2-input,< 1K
Predicate,https://schema.org/emissionsCO2-output,< 1K
Predicate,https://schema.org/employee,100K - 1M
Predicate,https://schema.org/employee-input,< 1K
Predicate,https://schema.org/employee-output,< 1K
Predicate,https://schema.org/employees,1K - 10K
Predicate,https://schema.org/employees-input,< 1K
Predicate,https://schema.org/employees-output,< 1K
Predicate,https://schema.org/employerOverview,1K - 10K
Predicate,https://schema.org/employerOverview-input,< 1K
Predicate,https://schema.org/employerOverview-output,< 1K
Predicate,https://schema.org/employmentType,100K - 1M
Predicate,https://schema.org/employmentType-input,< 1K
Predicate,https://schema.org/employmentType-output,< 1K
Predicate,https://schema.org/employmentUnit,1K - 10K
Predicate,https://schema.org/employmentUnit-input,< 1K
Predicate,https://schema.org/employmentUnit-output,< 1K
Predicate,https://schema.org/encodesBioChemEntity,< 1K
Predicate,https://schema.org/encodesBioChemEntity-input,< 1K
Predicate,https://schema.org/encodesBioChemEntity-output,< 1K
Predicate,https://schema.org/encodesCreativeWork,< 1K
Predicate,https://schema.org/encodesCreativeWork-input,< 1K
Predicate,https://schema.org/encodesCreativeWork-output,< 1K
Predicate,https://schema.org/encoding,100K - 1M
Predicate,https://schema.org/encoding-input,< 1K
Predicate,https://schema.org/encoding-output,< 1K
Predicate,https://schema.org/encodingFormat,10K - 100K
Predicate,https://schema.org/encodingFormat-input,< 1K
Predicate,https://schema.org/encodingFormat-output,< 1K
Predicate,https://schema.org/encodingType,1K - 10K
Predicate,https://schema.org/encodingType-input,< 1K
Predicate,https://schema.org/encodingType-output,< 1K
Predicate,https://schema.org/encodings,< 1K
Predicate,https://schema.org/encodings-input,< 1K
Predicate,https://schema.org/encodings-output,< 1K
Predicate,https://schema.org/endDate,100K - 1M
Predicate,https://schema.org/endDate-input,< 1K
Predicate,https://schema.org/endDate-output,< 1K
Predicate,https://schema.org/endOffset,10K - 100K
Predicate,https://schema.org/endOffset-input,< 1K
Predicate,https://schema.org/endOffset-output,< 1K
Predicate,https://schema.org/endTime,1K - 10K
Predicate,https://schema.org/endTime-input,< 1K
Predicate,https://schema.org/endTime-output,< 1K
Predicate,https://schema.org/endorsee,< 1K
Predicate,https://schema.org/endorsee-input,< 1K
Predicate,https://schema.org/endorsee-output,< 1K
Predicate,https://schema.org/endorsers,< 1K
Predicate,https://schema.org/endorsers-input,< 1K
Predicate,https://schema.org/endorsers-output,< 1K
Predicate,https://schema.org/energyEfficiencyScaleMax,1K - 10K
Predicate,https://schema.org/energyEfficiencyScaleMax-input,< 1K
Predicate,https://schema.org/energyEfficiencyScaleMax-output,< 1K
Predicate,https://schema.org/energyEfficiencyScaleMin,1K - 10K
Predicate,https://schema.org/energyEfficiencyScaleMin-input,< 1K
Predicate,https://schema.org/energyEfficiencyScaleMin-output,< 1K
Predicate,https://schema.org/engineDisplacement,10K - 100K
Predicate,https://schema.org/engineDisplacement-input,< 1K
Predicate,https://schema.org/engineDisplacement-output,< 1K
Predicate,https://schema.org/enginePower,10K - 100K
Predicate,https://schema.org/enginePower-input,< 1K
Predicate,https://schema.org/enginePower-output,< 1K
Predicate,https://schema.org/engineType,1K - 10K
Predicate,https://schema.org/engineType-input,< 1K
Predicate,https://schema.org/engineType-output,< 1K
Predicate,https://schema.org/entertainmentBusiness,< 1K
Predicate,https://schema.org/entertainmentBusiness-input,< 1K
Predicate,https://schema.org/entertainmentBusiness-output,< 1K
Predicate,https://schema.org/epidemiology,1K - 10K
Predicate,https://schema.org/epidemiology-input,< 1K
Predicate,https://schema.org/epidemiology-output,< 1K
Predicate,https://schema.org/episode,1K - 10K
Predicate,https://schema.org/episode-input,< 1K
Predicate,https://schema.org/episode-output,< 1K
Predicate,https://schema.org/episodeNumber,10K - 100K
Predicate,https://schema.org/episodeNumber-input,< 1K
Predicate,https://schema.org/episodeNumber-output,< 1K
Predicate,https://schema.org/episodes,< 1K
Predicate,https://schema.org/episodes-input,< 1K
Predicate,https://schema.org/episodes-output,< 1K
Predicate,https://schema.org/equal,< 1K
Predicate,https://schema.org/equal-input,< 1K
Predicate,https://schema.org/equal-output,< 1K
Predicate,https://schema.org/error,1K - 10K
Predicate,https://schema.org/error-input,< 1K
Predicate,https://schema.org/error-output,< 1K
Predicate,https://schema.org/errorCode,< 1K
Predicate,https://schema.org/errorCode-input,< 1K
Predicate,https://schema.org/errorCode-output,< 1K
Predicate,https://schema.org/estimatedCost,10K - 100K
Predicate,https://schema.org/estimatedCost-input,< 1K
Predicate,https://schema.org/estimatedCost-output,< 1K
Predicate,https://schema.org/estimatedFlightDuration,< 1K
Predicate,https://schema.org/estimatedFlightDuration-input,< 1K
Predicate,https://schema.org/estimatedFlightDuration-output,< 1K
Predicate,https://schema.org/estimatedSalary,1K - 10K
Predicate,https://schema.org/estimatedSalary-input,< 1K
Predicate,https://schema.org/estimatedSalary-output,< 1K
Predicate,https://schema.org/estimatesRiskOf,< 1K
Predicate,https://schema.org/estimatesRiskOf-input,< 1K
Predicate,https://schema.org/estimatesRiskOf-output,< 1K
Predicate,https://schema.org/ethicsPolicy,10K - 100K
Predicate,https://schema.org/ethicsPolicy-input,< 1K
Predicate,https://schema.org/ethicsPolicy-output,< 1K
Predicate,https://schema.org/event,10K - 100K
Predicate,https://schema.org/event-input,< 1K
Predicate,https://schema.org/event-output,< 1K
Predicate,https://schema.org/eventAttendanceMode,100K - 1M
Predicate,https://schema.org/eventAttendanceMode-input,< 1K
Predicate,https://schema.org/eventAttendanceMode-output,< 1K
Predicate,https://schema.org/eventSchedule,1K - 10K
Predicate,https://schema.org/eventSchedule-input,< 1K
Predicate,https://schema.org/eventSchedule-output,< 1K
Predicate,https://schema.org/eventStatus,100K - 1M
Predicate,https://schema.org/eventStatus-input,< 1K
Predicate,https://schema.org/eventStatus-output,< 1K
Predicate,https://schema.org/events,1K - 10K
Predicate,https://schema.org/events-input,< 1K
Predicate,https://schema.org/events-output,< 1K
Predicate,https://schema.org/evidenceLevel,< 1K
Predicate,https://schema.org/evidenceLevel-input,< 1K
Predicate,https://schema.org/evidenceLevel-output,< 1K
Predicate,https://schema.org/evidenceOrigin,< 1K
Predicate,https://schema.org/evidenceOrigin-input,< 1K
Predicate,https://schema.org/evidenceOrigin-output,< 1K
Predicate,https://schema.org/exampleOfWork,1K - 10K
Predicate,https://schema.org/exampleOfWork-input,< 1K
Predicate,https://schema.org/exampleOfWork-output,< 1K
Predicate,https://schema.org/exceptDate,< 1K
Predicate,https://schema.org/exceptDate-input,< 1K
Predicate,https://schema.org/exceptDate-output,< 1K
Predicate,https://schema.org/exchangeRateSpread,< 1K
Predicate,https://schema.org/exchangeRateSpread-input,< 1K
Predicate,https://schema.org/exchangeRateSpread-output,< 1K
Predicate,https://schema.org/executableLibraryName,< 1K
Predicate,https://schema.org/executableLibraryName-input,< 1K
Predicate,https://schema.org/executableLibraryName-output,< 1K
Predicate,https://schema.org/exerciseCourse,< 1K
Predicate,https://schema.org/exerciseCourse-input,< 1K
Predicate,https://schema.org/exerciseCourse-output,< 1K
Predicate,https://schema.org/exercisePlan,< 1K
Predicate,https://schema.org/exercisePlan-input,< 1K
Predicate,https://schema.org/exercisePlan-output,< 1K
Predicate,https://schema.org/exerciseRelatedDiet,< 1K
Predicate,https://schema.org/exerciseRelatedDiet-input,< 1K
Predicate,https://schema.org/exerciseRelatedDiet-output,< 1K
Predicate,https://schema.org/exerciseType,< 1K
Predicate,https://schema.org/exerciseType-input,< 1K
Predicate,https://schema.org/exerciseType-output,< 1K
Predicate,https://schema.org/exifData,1K - 10K
Predicate,https://schema.org/exifData-input,< 1K
Predicate,https://schema.org/exifData-output,< 1K
Predicate,https://schema.org/expectedArrivalFrom,< 1K
Predicate,https://schema.org/expectedArrivalFrom-input,< 1K
Predicate,https://schema.org/expectedArrivalFrom-output,< 1K
Predicate,https://schema.org/expectedArrivalUntil,< 1K
Predicate,https://schema.org/expectedArrivalUntil-input,< 1K
Predicate,https://schema.org/expectedArrivalUntil-output,< 1K
Predicate,https://schema.org/expectedPrognosis,< 1K
Predicate,https://schema.org/expectedPrognosis-input,< 1K
Predicate,https://schema.org/expectedPrognosis-output,< 1K
Predicate,https://schema.org/expectsAcceptanceOf,1K - 10K
Predicate,https://schema.org/expectsAcceptanceOf-input,< 1K
Predicate,https://schema.org/expectsAcceptanceOf-output,< 1K
Predicate,https://schema.org/experienceInPlaceOfEducation,1K - 10K
Predicate,https://schema.org/experienceInPlaceOfEducation-input,< 1K
Predicate,https://schema.org/experienceInPlaceOfEducation-output,< 1K
Predicate,https://schema.org/experienceRequirements,10K - 100K
Predicate,https://schema.org/experienceRequirements-input,< 1K
Predicate,https://schema.org/experienceRequirements-output,< 1K
Predicate,https://schema.org/expertConsiderations,< 1K
Predicate,https://schema.org/expertConsiderations-input,< 1K
Predicate,https://schema.org/expertConsiderations-output,< 1K
Predicate,https://schema.org/expires,1K - 10K
Predicate,https://schema.org/expires-input,< 1K
Predicate,https://schema.org/expires-output,< 1K
Predicate,https://schema.org/expressedIn,< 1K
Predicate,https://schema.org/expressedIn-input,< 1K
Predicate,https://schema.org/expressedIn-output,< 1K
Predicate,https://schema.org/extendedAddress,< 1K
Predicate,https://schema.org/extendedAddress-input,< 1K
Predicate,https://schema.org/extendedAddress-output,< 1K
Predicate,https://schema.org/familyName,100K - 1M
Predicate,https://schema.org/familyName-input,< 1K
Predicate,https://schema.org/familyName-output,< 1K
Predicate,https://schema.org/fatContent,10K - 100K
Predicate,https://schema.org/fatContent-input,< 1K
Predicate,https://schema.org/fatContent-output,< 1K
Predicate,https://schema.org/faxNumber,100K - 1M
Predicate,https://schema.org/faxNumber-input,< 1K
Predicate,https://schema.org/faxNumber-output,< 1K
Predicate,https://schema.org/featureList,100K - 1M
Predicate,https://schema.org/featureList-input,< 1K
Predicate,https://schema.org/featureList-output,< 1K
Predicate,https://schema.org/feesAndCommissionsSpecification,1K - 10K
Predicate,https://schema.org/feesAndCommissionsSpecification-input,< 1K
Predicate,https://schema.org/feesAndCommissionsSpecification-output,< 1K
Predicate,https://schema.org/fiberContent,10K - 100K
Predicate,https://schema.org/fiberContent-input,< 1K
Predicate,https://schema.org/fiberContent-output,< 1K
Predicate,https://schema.org/fileFormat,10K - 100K
Predicate,https://schema.org/fileFormat-input,< 1K
Predicate,https://schema.org/fileFormat-output,< 1K
Predicate,https://schema.org/fileSize,100K - 1M
Predicate,https://schema.org/fileSize-input,< 1K
Predicate,https://schema.org/fileSize-output,< 1K
Predicate,https://schema.org/financialAidEligible,< 1K
Predicate,https://schema.org/financialAidEligible-input,< 1K
Predicate,https://schema.org/financialAidEligible-output,< 1K
Predicate,https://schema.org/firstAppearance,< 1K
Predicate,https://schema.org/firstAppearance-input,< 1K
Predicate,https://schema.org/firstAppearance-output,< 1K
Predicate,https://schema.org/firstPerformance,< 1K
Predicate,https://schema.org/firstPerformance-input,< 1K
Predicate,https://schema.org/firstPerformance-output,< 1K
Predicate,https://schema.org/flightDistance,< 1K
Predicate,https://schema.org/flightDistance-input,< 1K
Predicate,https://schema.org/flightDistance-output,< 1K
Predicate,https://schema.org/flightNumber,< 1K
Predicate,https://schema.org/flightNumber-input,< 1K
Predicate,https://schema.org/flightNumber-output,< 1K
Predicate,https://schema.org/floorLevel,1K - 10K
Predicate,https://schema.org/floorLevel-input,< 1K
Predicate,https://schema.org/floorLevel-output,< 1K
Predicate,https://schema.org/floorLimit,< 1K
Predicate,https://schema.org/floorLimit-input,< 1K
Predicate,https://schema.org/floorLimit-output,< 1K
Predicate,https://schema.org/floorSize,100K - 1M
Predicate,https://schema.org/floorSize-input,< 1K
Predicate,https://schema.org/floorSize-output,< 1K
Predicate,https://schema.org/followee,< 1K
Predicate,https://schema.org/followee-input,< 1K
Predicate,https://schema.org/followee-output,< 1K
Predicate,https://schema.org/follows,< 1K
Predicate,https://schema.org/follows-input,< 1K
Predicate,https://schema.org/follows-output,< 1K
Predicate,https://schema.org/followup,1K - 10K
Predicate,https://schema.org/followup-input,< 1K
Predicate,https://schema.org/followup-output,< 1K
Predicate,https://schema.org/foodEstablishment,< 1K
Predicate,https://schema.org/foodEstablishment-input,< 1K
Predicate,https://schema.org/foodEstablishment-output,< 1K
Predicate,https://schema.org/foodEvent,< 1K
Predicate,https://schema.org/foodEvent-input,< 1K
Predicate,https://schema.org/foodEvent-output,< 1K
Predicate,https://schema.org/foodWarning,< 1K
Predicate,https://schema.org/foodWarning-input,< 1K
Predicate,https://schema.org/foodWarning-output,< 1K
Predicate,https://schema.org/founder,1M - 10M
Predicate,https://schema.org/founder-input,< 1K
Predicate,https://schema.org/founder-output,< 1K
Predicate,https://schema.org/founders,10K - 100K
Predicate,https://schema.org/founders-input,< 1K
Predicate,https://schema.org/founders-output,< 1K
Predicate,https://schema.org/foundingDate,1M - 10M
Predicate,https://schema.org/foundingDate-input,< 1K
Predicate,https://schema.org/foundingDate-output,< 1K
Predicate,https://schema.org/foundingLocation,100K - 1M
Predicate,https://schema.org/foundingLocation-input,< 1K
Predicate,https://schema.org/foundingLocation-output,< 1K
Predicate,https://schema.org/free,< 1K
Predicate,https://schema.org/free-input,< 1K
Predicate,https://schema.org/free-output,< 1K
Predicate,https://schema.org/freeShippingThreshold,10K - 100K
Predicate,https://schema.org/freeShippingThreshold-input,< 1K
Predicate,https://schema.org/freeShippingThreshold-output,< 1K
Predicate,https://schema.org/frequency,< 1K
Predicate,https://schema.org/frequency-input,< 1K
Predicate,https://schema.org/frequency-output,< 1K
Predicate,https://schema.org/fromLocation,1K - 10K
Predicate,https://schema.org/fromLocation-input,< 1K
Predicate,https://schema.org/fromLocation-output,< 1K
Predicate,https://schema.org/fuelCapacity,1K - 10K
Predicate,https://schema.org/fuelCapacity-input,< 1K
Predicate,https://schema.org/fuelCapacity-output,< 1K
Predicate,https://schema.org/fuelConsumption,1K - 10K
Predicate,https://schema.org/fuelConsumption-input,< 1K
Predicate,https://schema.org/fuelConsumption-output,< 1K
Predicate,https://schema.org/fuelEfficiency,10K - 100K
Predicate,https://schema.org/fuelEfficiency-input,< 1K
Predicate,https://schema.org/fuelEfficiency-output,< 1K
Predicate,https://schema.org/fuelType,10K - 100K
Predicate,https://schema.org/fuelType-input,< 1K
Predicate,https://schema.org/fuelType-output,< 1K
Predicate,https://schema.org/fulfillmentType,10K - 100K
Predicate,https://schema.org/fulfillmentType-input,< 1K
Predicate,https://schema.org/fulfillmentType-output,< 1K
Predicate,https://schema.org/functionalClass,< 1K
Predicate,https://schema.org/functionalClass-input,< 1K
Predicate,https://schema.org/functionalClass-output,< 1K
Predicate,https://schema.org/fundedItem,< 1K
Predicate,https://schema.org/fundedItem-input,< 1K
Predicate,https://schema.org/fundedItem-output,< 1K
Predicate,https://schema.org/funder,10K - 100K
Predicate,https://schema.org/funder-input,< 1K
Predicate,https://schema.org/funder-output,< 1K
Predicate,https://schema.org/funding,1K - 10K
Predicate,https://schema.org/funding-input,< 1K
Predicate,https://schema.org/funding-output,< 1K
Predicate,https://schema.org/game,10K - 100K
Predicate,https://schema.org/game-input,< 1K
Predicate,https://schema.org/game-output,< 1K
Predicate,https://schema.org/gameAvailabilityType,< 1K
Predicate,https://schema.org/gameAvailabilityType-input,< 1K
Predicate,https://schema.org/gameAvailabilityType-output,< 1K
Predicate,https://schema.org/gameEdition,< 1K
Predicate,https://schema.org/gameEdition-input,< 1K
Predicate,https://schema.org/gameEdition-output,< 1K
Predicate,https://schema.org/gameItem,10K - 100K
Predicate,https://schema.org/gameItem-input,< 1K
Predicate,https://schema.org/gameItem-output,< 1K
Predicate,https://schema.org/gameLocation,10K - 100K
Predicate,https://schema.org/gameLocation-input,< 1K
Predicate,https://schema.org/gameLocation-output,< 1K
Predicate,https://schema.org/gamePlatform,10K - 100K
Predicate,https://schema.org/gamePlatform-input,< 1K
Predicate,https://schema.org/gamePlatform-output,< 1K
Predicate,https://schema.org/gameServer,< 1K
Predicate,https://schema.org/gameServer-input,< 1K
Predicate,https://schema.org/gameServer-output,< 1K
Predicate,https://schema.org/gameTip,< 1K
Predicate,https://schema.org/gameTip-input,< 1K
Predicate,https://schema.org/gameTip-output,< 1K
Predicate,https://schema.org/gender,10K - 100K
Predicate,https://schema.org/gender-input,< 1K
Predicate,https://schema.org/gender-output,< 1K
Predicate,https://schema.org/genre,100K - 1M
Predicate,https://schema.org/genre-input,< 1K
Predicate,https://schema.org/genre-output,< 1K
Predicate,https://schema.org/geo,1M - 10M
Predicate,https://schema.org/geo-input,< 1K
Predicate,https://schema.org/geo-output,< 1K
Predicate,https://schema.org/geoContains,< 1K
Predicate,https://schema.org/geoContains-input,< 1K
Predicate,https://schema.org/geoContains-output,< 1K
Predicate,https://schema.org/geoCoveredBy,< 1K
Predicate,https://schema.org/geoCoveredBy-input,< 1K
Predicate,https://schema.org/geoCoveredBy-output,< 1K
Predicate,https://schema.org/geoCovers,< 1K
Predicate,https://schema.org/geoCovers-input,< 1K
Predicate,https://schema.org/geoCovers-output,< 1K
Predicate,https://schema.org/geoCrosses,< 1K
Predicate,https://schema.org/geoCrosses-input,< 1K
Predicate,https://schema.org/geoCrosses-output,< 1K
Predicate,https://schema.org/geoDisjoint,< 1K
Predicate,https://schema.org/geoDisjoint-input,< 1K
Predicate,https://schema.org/geoDisjoint-output,< 1K
Predicate,https://schema.org/geoEquals,< 1K
Predicate,https://schema.org/geoEquals-input,< 1K
Predicate,https://schema.org/geoEquals-output,< 1K
Predicate,https://schema.org/geoIntersects,< 1K
Predicate,https://schema.org/geoIntersects-input,< 1K
Predicate,https://schema.org/geoIntersects-output,< 1K
Predicate,https://schema.org/geoMidpoint,100K - 1M
Predicate,https://schema.org/geoMidpoint-input,< 1K
Predicate,https://schema.org/geoMidpoint-output,< 1K
Predicate,https://schema.org/geoOverlaps,< 1K
Predicate,https://schema.org/geoOverlaps-input,< 1K
Predicate,https://schema.org/geoOverlaps-output,< 1K
Predicate,https://schema.org/geoRadius,100K - 1M
Predicate,https://schema.org/geoRadius-input,< 1K
Predicate,https://schema.org/geoRadius-output,< 1K
Predicate,https://schema.org/geoTouches,< 1K
Predicate,https://schema.org/geoTouches-input,< 1K
Predicate,https://schema.org/geoTouches-output,< 1K
Predicate,https://schema.org/geoWithin,< 1K
Predicate,https://schema.org/geoWithin-input,< 1K
Predicate,https://schema.org/geoWithin-output,< 1K
Predicate,https://schema.org/geographicArea,10K - 100K
Predicate,https://schema.org/geographicArea-input,< 1K
Predicate,https://schema.org/geographicArea-output,< 1K
Predicate,https://schema.org/gettingTestedInfo,< 1K
Predicate,https://schema.org/gettingTestedInfo-input,< 1K
Predicate,https://schema.org/gettingTestedInfo-output,< 1K
Predicate,https://schema.org/givenName,100K - 1M
Predicate,https://schema.org/givenName-input,< 1K
Predicate,https://schema.org/givenName-output,< 1K
Predicate,https://schema.org/globalLocationNumber,1K - 10K
Predicate,https://schema.org/globalLocationNumber-input,< 1K
Predicate,https://schema.org/globalLocationNumber-output,< 1K
Predicate,https://schema.org/governmentBenefitsInfo,< 1K
Predicate,https://schema.org/governmentBenefitsInfo-input,< 1K
Predicate,https://schema.org/governmentBenefitsInfo-output,< 1K
Predicate,https://schema.org/gracePeriod,< 1K
Predicate,https://schema.org/gracePeriod-input,< 1K
Predicate,https://schema.org/gracePeriod-output,< 1K
Predicate,https://schema.org/grantee,< 1K
Predicate,https://schema.org/grantee-input,< 1K
Predicate,https://schema.org/grantee-output,< 1K
Predicate,https://schema.org/greater,< 1K
Predicate,https://schema.org/greater-input,< 1K
Predicate,https://schema.org/greater-output,< 1K
Predicate,https://schema.org/greaterOrEqual,< 1K
Predicate,https://schema.org/greaterOrEqual-input,< 1K
Predicate,https://schema.org/greaterOrEqual-output,< 1K
Predicate,https://schema.org/gtin,100K - 1M
Predicate,https://schema.org/gtin-input,< 1K
Predicate,https://schema.org/gtin-output,< 1K
Predicate,https://schema.org/gtin12,100K - 1M
Predicate,https://schema.org/gtin12-input,< 1K
Predicate,https://schema.org/gtin12-output,< 1K
Predicate,https://schema.org/gtin13,100K - 1M
Predicate,https://schema.org/gtin13-input,< 1K
Predicate,https://schema.org/gtin13-output,< 1K
Predicate,https://schema.org/gtin14,10K - 100K
Predicate,https://schema.org/gtin14-input,< 1K
Predicate,https://schema.org/gtin14-output,< 1K
Predicate,https://schema.org/gtin8,10K - 100K
Predicate,https://schema.org/gtin8-input,< 1K
Predicate,https://schema.org/gtin8-output,< 1K
Predicate,https://schema.org/guideline,< 1K
Predicate,https://schema.org/guideline-input,< 1K
Predicate,https://schema.org/guideline-output,< 1K
Predicate,https://schema.org/guidelineDate,< 1K
Predicate,https://schema.org/guidelineDate-input,< 1K
Predicate,https://schema.org/guidelineDate-output,< 1K
Predicate,https://schema.org/guidelineSubject,< 1K
Predicate,https://schema.org/guidelineSubject-input,< 1K
Predicate,https://schema.org/guidelineSubject-output,< 1K
Predicate,https://schema.org/handlingTime,100K - 1M
Predicate,https://schema.org/handlingTime-input,< 1K
Predicate,https://schema.org/handlingTime-output,< 1K
Predicate,https://schema.org/hasAdultConsideration,< 1K
Predicate,https://schema.org/hasAdultConsideration-input,< 1K
Predicate,https://schema.org/hasAdultConsideration-output,< 1K
Predicate,https://schema.org/hasBioChemEntityPart,< 1K
Predicate,https://schema.org/hasBioChemEntityPart-input,< 1K
Predicate,https://schema.org/hasBioChemEntityPart-output,< 1K
Predicate,https://schema.org/hasBioPolymerSequence,< 1K
Predicate,https://schema.org/hasBioPolymerSequence-input,< 1K
Predicate,https://schema.org/hasBioPolymerSequence-output,< 1K
Predicate,https://schema.org/hasBroadcastChannel,< 1K
Predicate,https://schema.org/hasBroadcastChannel-input,< 1K
Predicate,https://schema.org/hasBroadcastChannel-output,< 1K
Predicate,https://schema.org/hasCategoryCode,< 1K
Predicate,https://schema.org/hasCategoryCode-input,< 1K
Predicate,https://schema.org/hasCategoryCode-output,< 1K
Predicate,https://schema.org/hasCertification,10K - 100K
Predicate,https://schema.org/hasCertification-input,< 1K
Predicate,https://schema.org/hasCertification-output,< 1K
Predicate,https://schema.org/hasCourse,1K - 10K
Predicate,https://schema.org/hasCourse-input,< 1K
Predicate,https://schema.org/hasCourse-output,< 1K
Predicate,https://schema.org/hasCourseInstance,10K - 100K
Predicate,https://schema.org/hasCourseInstance-input,< 1K
Predicate,https://schema.org/hasCourseInstance-output,< 1K
Predicate,https://schema.org/hasCredential,100K - 1M
Predicate,https://schema.org/hasCredential-input,< 1K
Predicate,https://schema.org/hasCredential-output,< 1K
Predicate,https://schema.org/hasDefinedTerm,10K - 100K
Predicate,https://schema.org/hasDefinedTerm-input,< 1K
Predicate,https://schema.org/hasDefinedTerm-output,< 1K
Predicate,https://schema.org/hasDeliveryMethod,< 1K
Predicate,https://schema.org/hasDeliveryMethod-input,< 1K
Predicate,https://schema.org/hasDeliveryMethod-output,< 1K
Predicate,https://schema.org/hasDigitalDocumentPermission,< 1K
Predicate,https://schema.org/hasDigitalDocumentPermission-input,< 1K
Predicate,https://schema.org/hasDigitalDocumentPermission-output,< 1K
Predicate,https://schema.org/hasDriveThroughService,1K - 10K
Predicate,https://schema.org/hasDriveThroughService-input,< 1K
Predicate,https://schema.org/hasDriveThroughService-output,< 1K
Predicate,https://schema.org/hasEnergyConsumptionDetails,1K - 10K
Predicate,https://schema.org/hasEnergyConsumptionDetails-input,< 1K
Predicate,https://schema.org/hasEnergyConsumptionDetails-output,< 1K
Predicate,https://schema.org/hasEnergyEfficiencyCategory,1K - 10K
Predicate,https://schema.org/hasEnergyEfficiencyCategory-input,< 1K
Predicate,https://schema.org/hasEnergyEfficiencyCategory-output,< 1K
Predicate,https://schema.org/hasGS1DigitalLink,< 1K
Predicate,https://schema.org/hasGS1DigitalLink-input,< 1K
Predicate,https://schema.org/hasGS1DigitalLink-output,< 1K
Predicate,https://schema.org/hasHealthAspect,< 1K
Predicate,https://schema.org/hasHealthAspect-input,< 1K
Predicate,https://schema.org/hasHealthAspect-output,< 1K
Predicate,https://schema.org/hasMap,100K - 1M
Predicate,https://schema.org/hasMap-input,< 1K
Predicate,https://schema.org/hasMap-output,< 1K
Predicate,https://schema.org/hasMeasurement,1K - 10K
Predicate,https://schema.org/hasMeasurement-input,< 1K
Predicate,https://schema.org/hasMeasurement-output,< 1K
Predicate,https://schema.org/hasMemberProgram,1K - 10K
Predicate,https://schema.org/hasMemberProgram-input,< 1K
Predicate,https://schema.org/hasMemberProgram-output,< 1K
Predicate,https://schema.org/hasMenu,100K - 1M
Predicate,https://schema.org/hasMenu-input,< 1K
Predicate,https://schema.org/hasMenu-output,< 1K
Predicate,https://schema.org/hasMenuItem,10K - 100K
Predicate,https://schema.org/hasMenuItem-input,< 1K
Predicate,https://schema.org/hasMenuItem-output,< 1K
Predicate,https://schema.org/hasMenuSection,10K - 100K
Predicate,https://schema.org/hasMenuSection-input,< 1K
Predicate,https://schema.org/hasMenuSection-output,< 1K
Predicate,https://schema.org/hasMerchantReturnPolicy,100K - 1M
Predicate,https://schema.org/hasMerchantReturnPolicy-input,< 1K
Predicate,https://schema.org/hasMerchantReturnPolicy-output,< 1K
Predicate,https://schema.org/hasMolecularFunction,< 1K
Predicate,https://schema.org/hasMolecularFunction-input,< 1K
Predicate,https://schema.org/hasMolecularFunction-output,< 1K
Predicate,https://schema.org/hasOccupation,10K - 100K
Predicate,https://schema.org/hasOccupation-input,< 1K
Predicate,https://schema.org/hasOccupation-output,< 1K
Predicate,https://schema.org/hasOfferCatalog,100K - 1M
Predicate,https://schema.org/hasOfferCatalog-input,< 1K
Predicate,https://schema.org/hasOfferCatalog-output,< 1K
Predicate,https://schema.org/hasPOS,1K - 10K
Predicate,https://schema.org/hasPOS-input,< 1K
Predicate,https://schema.org/hasPOS-output,< 1K
Predicate,https://schema.org/hasPart,100K - 1M
Predicate,https://schema.org/hasPart-input,< 1K
Predicate,https://schema.org/hasPart-output,< 1K
Predicate,https://schema.org/hasParticipationOffer,< 1K
Predicate,https://schema.org/hasParticipationOffer-input,< 1K
Predicate,https://schema.org/hasParticipationOffer-output,< 1K
Predicate,https://schema.org/hasProductReturnPolicy,< 1K
Predicate,https://schema.org/hasProductReturnPolicy-input,< 1K
Predicate,https://schema.org/hasProductReturnPolicy-output,< 1K
Predicate,https://schema.org/hasRepresentation,< 1K
Predicate,https://schema.org/hasRepresentation-input,< 1K
Predicate,https://schema.org/hasRepresentation-output,< 1K
Predicate,https://schema.org/hasShippingService,10K - 100K
Predicate,https://schema.org/hasShippingService-input,< 1K
Predicate,https://schema.org/hasShippingService-output,< 1K
Predicate,https://schema.org/hasSponsorshipOffer,< 1K
Predicate,https://schema.org/hasSponsorshipOffer-input,< 1K
Predicate,https://schema.org/hasSponsorshipOffer-output,< 1K
Predicate,https://schema.org/hasStore,< 1K
Predicate,https://schema.org/hasStore-input,< 1K
Predicate,https://schema.org/hasStore-output,< 1K
Predicate,https://schema.org/hasTierBenefit,1K - 10K
Predicate,https://schema.org/hasTierBenefit-input,< 1K
Predicate,https://schema.org/hasTierBenefit-output,< 1K
Predicate,https://schema.org/hasTierRequirement,< 1K
Predicate,https://schema.org/hasTierRequirement-input,< 1K
Predicate,https://schema.org/hasTierRequirement-output,< 1K
Predicate,https://schema.org/hasTiers,1K - 10K
Predicate,https://schema.org/hasTiers-input,< 1K
Predicate,https://schema.org/hasTiers-output,< 1K
Predicate,https://schema.org/hasVariant,100K - 1M
Predicate,https://schema.org/hasVariant-input,< 1K
Predicate,https://schema.org/hasVariant-output,< 1K
Predicate,https://schema.org/headline,10M+
Predicate,https://schema.org/headline-input,< 1K
Predicate,https://schema.org/headline-output,< 1K
Predicate,https://schema.org/healthCondition,1K - 10K
Predicate,https://schema.org/healthCondition-input,< 1K
Predicate,https://schema.org/healthCondition-output,< 1K
Predicate,https://schema.org/healthPlanCoinsuranceOption,< 1K
Predicate,https://schema.org/healthPlanCoinsuranceOption-input,< 1K
Predicate,https://schema.org/healthPlanCoinsuranceOption-output,< 1K
Predicate,https://schema.org/healthPlanCoinsuranceRate,< 1K
Predicate,https://schema.org/healthPlanCoinsuranceRate-input,< 1K
Predicate,https://schema.org/healthPlanCoinsuranceRate-output,< 1K
Predicate,https://schema.org/healthPlanCopay,< 1K
Predicate,https://schema.org/healthPlanCopay-input,< 1K
Predicate,https://schema.org/healthPlanCopay-output,< 1K
Predicate,https://schema.org/healthPlanCopayOption,< 1K
Predicate,https://schema.org/healthPlanCopayOption-input,< 1K
Predicate,https://schema.org/healthPlanCopayOption-output,< 1K
Predicate,https://schema.org/healthPlanCostSharing,< 1K
Predicate,https://schema.org/healthPlanCostSharing-input,< 1K
Predicate,https://schema.org/healthPlanCostSharing-output,< 1K
Predicate,https://schema.org/healthPlanDrugOption,< 1K
Predicate,https://schema.org/healthPlanDrugOption-input,< 1K
Predicate,https://schema.org/healthPlanDrugOption-output,< 1K
Predicate,https://schema.org/healthPlanDrugTier,< 1K
Predicate,https://schema.org/healthPlanDrugTier-input,< 1K
Predicate,https://schema.org/healthPlanDrugTier-output,< 1K
Predicate,https://schema.org/healthPlanId,< 1K
Predicate,https://schema.org/healthPlanId-input,< 1K
Predicate,https://schema.org/healthPlanId-output,< 1K
Predicate,https://schema.org/healthPlanMarketingUrl,< 1K
Predicate,https://schema.org/healthPlanMarketingUrl-input,< 1K
Predicate,https://schema.org/healthPlanMarketingUrl-output,< 1K
Predicate,https://schema.org/healthPlanNetworkId,< 1K
Predicate,https://schema.org/healthPlanNetworkId-input,< 1K
Predicate,https://schema.org/healthPlanNetworkId-output,< 1K
Predicate,https://schema.org/healthPlanNetworkTier,< 1K
Predicate,https://schema.org/healthPlanNetworkTier-input,< 1K
Predicate,https://schema.org/healthPlanNetworkTier-output,< 1K
Predicate,https://schema.org/healthPlanPharmacyCategory,< 1K
Predicate,https://schema.org/healthPlanPharmacyCategory-input,< 1K
Predicate,https://schema.org/healthPlanPharmacyCategory-output,< 1K
Predicate,https://schema.org/healthcareReportingData,< 1K
Predicate,https://schema.org/healthcareReportingData-input,< 1K
Predicate,https://schema.org/healthcareReportingData-output,< 1K
Predicate,https://schema.org/height,10M+
Predicate,https://schema.org/height-input,< 1K
Predicate,https://schema.org/height-output,< 1K
Predicate,https://schema.org/highPrice,1M - 10M
Predicate,https://schema.org/highPrice-input,< 1K
Predicate,https://schema.org/highPrice-output,< 1K
Predicate,https://schema.org/hiringOrganization,100K - 1M
Predicate,https://schema.org/hiringOrganization-input,< 1K
Predicate,https://schema.org/hiringOrganization-output,< 1K
Predicate,https://schema.org/holdingArchive,< 1K
Predicate,https://schema.org/holdingArchive-input,< 1K
Predicate,https://schema.org/holdingArchive-output,< 1K
Predicate,https://schema.org/homeLocation,10K - 100K
Predicate,https://schema.org/homeLocation-input,< 1K
Predicate,https://schema.org/homeLocation-output,< 1K
Predicate,https://schema.org/homeTeam,10K - 100K
Predicate,https://schema.org/homeTeam-input,< 1K
Predicate,https://schema.org/homeTeam-output,< 1K
Predicate,https://schema.org/honorificPrefix,10K - 100K
Predicate,https://schema.org/honorificPrefix-input,< 1K
Predicate,https://schema.org/honorificPrefix-output,< 1K
Predicate,https://schema.org/honorificSuffix,10K - 100K
Predicate,https://schema.org/honorificSuffix-input,< 1K
Predicate,https://schema.org/honorificSuffix-output,< 1K
Predicate,https://schema.org/hospitalAffiliation,1K - 10K
Predicate,https://schema.org/hospitalAffiliation-input,< 1K
Predicate,https://schema.org/hospitalAffiliation-output,< 1K
Predicate,https://schema.org/hostingOrganization,1K - 10K
Predicate,https://schema.org/hostingOrganization-input,< 1K
Predicate,https://schema.org/hostingOrganization-output,< 1K
Predicate,https://schema.org/hoursAvailable,100K - 1M
Predicate,https://schema.org/hoursAvailable-input,< 1K
Predicate,https://schema.org/hoursAvailable-output,< 1K
Predicate,https://schema.org/howPerformed,10K - 100K
Predicate,https://schema.org/howPerformed-input,< 1K
Predicate,https://schema.org/howPerformed-output,< 1K
Predicate,https://schema.org/httpMethod,1K - 10K
Predicate,https://schema.org/httpMethod-input,< 1K
Predicate,https://schema.org/httpMethod-output,< 1K
Predicate,https://schema.org/iataCode,1K - 10K
Predicate,https://schema.org/iataCode-input,< 1K
Predicate,https://schema.org/iataCode-output,< 1K
Predicate,https://schema.org/icaoCode,1K - 10K
Predicate,https://schema.org/icaoCode-input,< 1K
Predicate,https://schema.org/icaoCode-output,< 1K
Predicate,https://schema.org/identifier,100K - 1M
Predicate,https://schema.org/identifier-input,< 1K
Predicate,https://schema.org/identifier-output,< 1K
Predicate,https://schema.org/identifyingExam,< 1K
Predicate,https://schema.org/identifyingExam-input,< 1K
Predicate,https://schema.org/identifyingExam-output,< 1K
Predicate,https://schema.org/identifyingTest,< 1K
Predicate,https://schema.org/identifyingTest-input,< 1K
Predicate,https://schema.org/identifyingTest-output,< 1K
Predicate,https://schema.org/illustrator,1K - 10K
Predicate,https://schema.org/illustrator-input,< 1K
Predicate,https://schema.org/illustrator-output,< 1K
Predicate,https://schema.org/image,10M+
Predicate,https://schema.org/image-input,< 1K
Predicate,https://schema.org/image-output,< 1K
Predicate,https://schema.org/imagingTechnique,< 1K
Predicate,https://schema.org/imagingTechnique-input,< 1K
Predicate,https://schema.org/imagingTechnique-output,< 1K
Predicate,https://schema.org/inAlbum,10K - 100K
Predicate,https://schema.org/inAlbum-input,< 1K
Predicate,https://schema.org/inAlbum-output,< 1K
Predicate,https://schema.org/inBroadcastLineup,< 1K
Predicate,https://schema.org/inBroadcastLineup-input,< 1K
Predicate,https://schema.org/inBroadcastLineup-output,< 1K
Predicate,https://schema.org/inChI,< 1K
Predicate,https://schema.org/inChI-input,< 1K
Predicate,https://schema.org/inChI-output,< 1K
Predicate,https://schema.org/inChIKey,< 1K
Predicate,https://schema.org/inChIKey-input,< 1K
Predicate,https://schema.org/inChIKey-output,< 1K
Predicate,https://schema.org/inCodeSet,1K - 10K
Predicate,https://schema.org/inCodeSet-input,< 1K
Predicate,https://schema.org/inCodeSet-output,< 1K
Predicate,https://schema.org/inDefinedTermSet,10K - 100K
Predicate,https://schema.org/inDefinedTermSet-input,< 1K
Predicate,https://schema.org/inDefinedTermSet-output,< 1K
Predicate,https://schema.org/inLanguage,10M+
Predicate,https://schema.org/inLanguage-input,< 1K
Predicate,https://schema.org/inLanguage-output,< 1K
Predicate,https://schema.org/inPlaylist,< 1K
Predicate,https://schema.org/inPlaylist-input,< 1K
Predicate,https://schema.org/inPlaylist-output,< 1K
Predicate,https://schema.org/inProductGroupWithID,10K - 100K
Predicate,https://schema.org/inProductGroupWithID-input,< 1K
Predicate,https://schema.org/inProductGroupWithID-output,< 1K
Predicate,https://schema.org/inStoreReturnsOffered,1K - 10K
Predicate,https://schema.org/inStoreReturnsOffered-input,< 1K
Predicate,https://schema.org/inStoreReturnsOffered-output,< 1K
Predicate,https://schema.org/inSupportOf,< 1K
Predicate,https://schema.org/inSupportOf-input,< 1K
Predicate,https://schema.org/inSupportOf-output,< 1K
Predicate,https://schema.org/incentiveAmount,< 1K
Predicate,https://schema.org/incentiveAmount-input,< 1K
Predicate,https://schema.org/incentiveAmount-output,< 1K
Predicate,https://schema.org/incentiveCompensation,1K - 10K
Predicate,https://schema.org/incentiveCompensation-input,< 1K
Predicate,https://schema.org/incentiveCompensation-output,< 1K
Predicate,https://schema.org/incentiveStatus,< 1K
Predicate,https://schema.org/incentiveStatus-input,< 1K
Predicate,https://schema.org/incentiveStatus-output,< 1K
Predicate,https://schema.org/incentiveType,< 1K
Predicate,https://schema.org/incentiveType-input,< 1K
Predicate,https://schema.org/incentiveType-output,< 1K
Predicate,https://schema.org/incentives,< 1K
Predicate,https://schema.org/incentives-input,< 1K
Predicate,https://schema.org/incentives-output,< 1K
Predicate,https://schema.org/incentivizedItem,< 1K
Predicate,https://schema.org/incentivizedItem-input,< 1K
Predicate,https://schema.org/incentivizedItem-output,< 1K
Predicate,https://schema.org/includedComposition,< 1K
Predicate,https://schema.org/includedComposition-input,< 1K
Predicate,https://schema.org/includedComposition-output,< 1K
Predicate,https://schema.org/includedDataCatalog,< 1K
Predicate,https://schema.org/includedDataCatalog-input,< 1K
Predicate,https://schema.org/includedDataCatalog-output,< 1K
Predicate,https://schema.org/includedInDataCatalog,1K - 10K
Predicate,https://schema.org/includedInDataCatalog-input,< 1K
Predicate,https://schema.org/includedInDataCatalog-output,< 1K
Predicate,https://schema.org/includedInHealthInsurancePlan,< 1K
Predicate,https://schema.org/includedInHealthInsurancePlan-input,< 1K
Predicate,https://schema.org/includedInHealthInsurancePlan-output,< 1K
Predicate,https://schema.org/includedRiskFactor,< 1K
Predicate,https://schema.org/includedRiskFactor-input,< 1K
Predicate,https://schema.org/includedRiskFactor-output,< 1K
Predicate,https://schema.org/includesAttraction,1K - 10K
Predicate,https://schema.org/includesAttraction-input,< 1K
Predicate,https://schema.org/includesAttraction-output,< 1K
Predicate,https://schema.org/includesHealthPlanFormulary,< 1K
Predicate,https://schema.org/includesHealthPlanFormulary-input,< 1K
Predicate,https://schema.org/includesHealthPlanFormulary-output,< 1K
Predicate,https://schema.org/includesHealthPlanNetwork,< 1K
Predicate,https://schema.org/includesHealthPlanNetwork-input,< 1K
Predicate,https://schema.org/includesHealthPlanNetwork-output,< 1K
Predicate,https://schema.org/includesObject,1K - 10K
Predicate,https://schema.org/includesObject-input,< 1K
Predicate,https://schema.org/includesObject-output,< 1K
Predicate,https://schema.org/incomeLimit,< 1K
Predicate,https://schema.org/incomeLimit-input,< 1K
Predicate,https://schema.org/incomeLimit-output,< 1K
Predicate,https://schema.org/increasesRiskOf,< 1K
Predicate,https://schema.org/increasesRiskOf-input,< 1K
Predicate,https://schema.org/increasesRiskOf-output,< 1K
Predicate,https://schema.org/industry,10K - 100K
Predicate,https://schema.org/industry-input,< 1K
Predicate,https://schema.org/industry-output,< 1K
Predicate,https://schema.org/ineligibleRegion,< 1K
Predicate,https://schema.org/ineligibleRegion-input,< 1K
Predicate,https://schema.org/ineligibleRegion-output,< 1K
Predicate,https://schema.org/infectiousAgent,< 1K
Predicate,https://schema.org/infectiousAgent-input,< 1K
Predicate,https://schema.org/infectiousAgent-output,< 1K
Predicate,https://schema.org/infectiousAgentClass,< 1K
Predicate,https://schema.org/infectiousAgentClass-input,< 1K
Predicate,https://schema.org/infectiousAgentClass-output,< 1K
Predicate,https://schema.org/ingredients,1K - 10K
Predicate,https://schema.org/ingredients-input,< 1K
Predicate,https://schema.org/ingredients-output,< 1K
Predicate,https://schema.org/inker,< 1K
Predicate,https://schema.org/inker-input,< 1K
Predicate,https://schema.org/inker-output,< 1K
Predicate,https://schema.org/insertion,< 1K
Predicate,https://schema.org/insertion-input,< 1K
Predicate,https://schema.org/insertion-output,< 1K
Predicate,https://schema.org/installUrl,100K - 1M
Predicate,https://schema.org/installUrl-input,< 1K
Predicate,https://schema.org/installUrl-output,< 1K
Predicate,https://schema.org/instructor,10K - 100K
Predicate,https://schema.org/instructor-input,< 1K
Predicate,https://schema.org/instructor-output,< 1K
Predicate,https://schema.org/instrument,1K - 10K
Predicate,https://schema.org/instrument-input,< 1K
Predicate,https://schema.org/instrument-output,< 1K
Predicate,https://schema.org/intensity,< 1K
Predicate,https://schema.org/intensity-input,< 1K
Predicate,https://schema.org/intensity-output,< 1K
Predicate,https://schema.org/interactingDrug,< 1K
Predicate,https://schema.org/interactingDrug-input,< 1K
Predicate,https://schema.org/interactingDrug-output,< 1K
Predicate,https://schema.org/interactionCount,100K - 1M
Predicate,https://schema.org/interactionCount-input,< 1K
Predicate,https://schema.org/interactionCount-output,< 1K
Predicate,https://schema.org/interactionService,< 1K
Predicate,https://schema.org/interactionService-input,< 1K
Predicate,https://schema.org/interactionService-output,< 1K
Predicate,https://schema.org/interactionStatistic,100K - 1M
Predicate,https://schema.org/interactionStatistic-input,< 1K
Predicate,https://schema.org/interactionStatistic-output,< 1K
Predicate,https://schema.org/interactionType,100K - 1M
Predicate,https://schema.org/interactionType-input,< 1K
Predicate,https://schema.org/interactionType-output,< 1K
Predicate,https://schema.org/interactivityType,1K - 10K
Predicate,https://schema.org/interactivityType-input,< 1K
Predicate,https://schema.org/interactivityType-output,< 1K
Predicate,https://schema.org/interestRate,1K - 10K
Predicate,https://schema.org/interestRate-input,< 1K
Predicate,https://schema.org/interestRate-output,< 1K
Predicate,https://schema.org/interpretedAsClaim,< 1K
Predicate,https://schema.org/interpretedAsClaim-input,< 1K
Predicate,https://schema.org/interpretedAsClaim-output,< 1K
Predicate,https://schema.org/inventoryLevel,100K - 1M
Predicate,https://schema.org/inventoryLevel-input,< 1K
Predicate,https://schema.org/inventoryLevel-output,< 1K
Predicate,https://schema.org/inverseOf,< 1K
Predicate,https://schema.org/inverseOf-input,< 1K
Predicate,https://schema.org/inverseOf-output,< 1K
Predicate,https://schema.org/isAcceptingNewPatients,10K - 100K
Predicate,https://schema.org/isAcceptingNewPatients-input,< 1K
Predicate,https://schema.org/isAcceptingNewPatients-output,< 1K
Predicate,https://schema.org/isAccessibleForFree,100K - 1M
Predicate,https://schema.org/isAccessibleForFree-input,< 1K
Predicate,https://schema.org/isAccessibleForFree-output,< 1K
Predicate,https://schema.org/isAccessoryOrSparePartFor,1K - 10K
Predicate,https://schema.org/isAccessoryOrSparePartFor-input,< 1K
Predicate,https://schema.org/isAccessoryOrSparePartFor-output,< 1K
Predicate,https://schema.org/isAvailableGenerically,< 1K
Predicate,https://schema.org/isAvailableGenerically-input,< 1K
Predicate,https://schema.org/isAvailableGenerically-output,< 1K
Predicate,https://schema.org/isBasedOn,10K - 100K
Predicate,https://schema.org/isBasedOn-input,< 1K
Predicate,https://schema.org/isBasedOn-output,< 1K
Predicate,https://schema.org/isBasedOnUrl,< 1K
Predicate,https://schema.org/isBasedOnUrl-input,< 1K
Predicate,https://schema.org/isBasedOnUrl-output,< 1K
Predicate,https://schema.org/isConsumableFor,< 1K
Predicate,https://schema.org/isConsumableFor-input,< 1K
Predicate,https://schema.org/isConsumableFor-output,< 1K
Predicate,https://schema.org/isEncodedByBioChemEntity,< 1K
Predicate,https://schema.org/isEncodedByBioChemEntity-input,< 1K
Predicate,https://schema.org/isEncodedByBioChemEntity-output,< 1K
Predicate,https://schema.org/isFamilyFriendly,100K - 1M
Predicate,https://schema.org/isFamilyFriendly-input,< 1K
Predicate,https://schema.org/isFamilyFriendly-output,< 1K
Predicate,https://schema.org/isGift,< 1K
Predicate,https://schema.org/isGift-input,< 1K
Predicate,https://schema.org/isGift-output,< 1K
Predicate,https://schema.org/isInvolvedInBiologicalProcess,< 1K
Predicate,https://schema.org/isInvolvedInBiologicalProcess-input,< 1K
Predicate,https://schema.org/isInvolvedInBiologicalProcess-output,< 1K
Predicate,https://schema.org/isLiveBroadcast,10K - 100K
Predicate,https://schema.org/isLiveBroadcast-input,< 1K
Predicate,https://schema.org/isLiveBroadcast-output,< 1K
Predicate,https://schema.org/isLocatedInSubcellularLocation,< 1K
Predicate,https://schema.org/isLocatedInSubcellularLocation-input,< 1K
Predicate,https://schema.org/isLocatedInSubcellularLocation-output,< 1K
Predicate,https://schema.org/isPartOf,10M+
Predicate,https://schema.org/isPartOf-input,< 1K
Predicate,https://schema.org/isPartOf-output,< 1K
Predicate,https://schema.org/isPartOfBioChemEntity,< 1K
Predicate,https://schema.org/isPartOfBioChemEntity-input,< 1K
Predicate,https://schema.org/isPartOfBioChemEntity-output,< 1K
Predicate,https://schema.org/isPlanForApartment,< 1K
Predicate,https://schema.org/isPlanForApartment-input,< 1K
Predicate,https://schema.org/isPlanForApartment-output,< 1K
Predicate,https://schema.org/isProprietary,< 1K
Predicate,https://schema.org/isProprietary-input,< 1K
Predicate,https://schema.org/isProprietary-output,< 1K
Predicate,https://schema.org/isRelatedTo,100K - 1M
Predicate,https://schema.org/isRelatedTo-input,< 1K
Predicate,https://schema.org/isRelatedTo-output,< 1K
Predicate,https://schema.org/isResizable,< 1K
Predicate,https://schema.org/isResizable-input,< 1K
Predicate,https://schema.org/isResizable-output,< 1K
Predicate,https://schema.org/isSimilarTo,10K - 100K
Predicate,https://schema.org/isSimilarTo-input,< 1K
Predicate,https://schema.org/isSimilarTo-output,< 1K
Predicate,https://schema.org/isStoreOn,< 1K
Predicate,https://schema.org/isStoreOn-input,< 1K
Predicate,https://schema.org/isStoreOn-output,< 1K
Predicate,https://schema.org/isTierOf,< 1K
Predicate,https://schema.org/isTierOf-input,< 1K
Predicate,https://schema.org/isTierOf-output,< 1K
Predicate,https://schema.org/isUnlabelledFallback,< 1K
Predicate,https://schema.org/isUnlabelledFallback-input,< 1K
Predicate,https://schema.org/isUnlabelledFallback-output,< 1K
Predicate,https://schema.org/isVariantOf,10K - 100K
Predicate,https://schema.org/isVariantOf-input,< 1K
Predicate,https://schema.org/isVariantOf-output,< 1K
Predicate,https://schema.org/isbn,10K - 100K
Predicate,https://schema.org/isbn-input,< 1K
Predicate,https://schema.org/isbn-output,< 1K
Predicate,https://schema.org/isicV4,1K - 10K
Predicate,https://schema.org/isicV4-input,< 1K
Predicate,https://schema.org/isicV4-output,< 1K
Predicate,https://schema.org/iso6523Code,1K - 10K
Predicate,https://schema.org/iso6523Code-input,< 1K
Predicate,https://schema.org/iso6523Code-output,< 1K
Predicate,https://schema.org/isrcCode,< 1K
Predicate,https://schema.org/isrcCode-input,< 1K
Predicate,https://schema.org/isrcCode-output,< 1K
Predicate,https://schema.org/issn,1K - 10K
Predicate,https://schema.org/issn-input,< 1K
Predicate,https://schema.org/issn-output,< 1K
Predicate,https://schema.org/issueNumber,1K - 10K
Predicate,https://schema.org/issueNumber-input,< 1K
Predicate,https://schema.org/issueNumber-output,< 1K
Predicate,https://schema.org/issuedBy,10K - 100K
Predicate,https://schema.org/issuedBy-input,< 1K
Predicate,https://schema.org/issuedBy-output,< 1K
Predicate,https://schema.org/issuedThrough,< 1K
Predicate,https://schema.org/issuedThrough-input,< 1K
Predicate,https://schema.org/issuedThrough-output,< 1K
Predicate,https://schema.org/iswcCode,< 1K
Predicate,https://schema.org/iswcCode-input,< 1K
Predicate,https://schema.org/iswcCode-output,< 1K
Predicate,https://schema.org/item,10M+
Predicate,https://schema.org/item-input,< 1K
Predicate,https://schema.org/item-output,< 1K
Predicate,https://schema.org/itemCondition,1M - 10M
Predicate,https://schema.org/itemCondition-input,< 1K
Predicate,https://schema.org/itemCondition-output,< 1K
Predicate,https://schema.org/itemDefectReturnFees,1K - 10K
Predicate,https://schema.org/itemDefectReturnFees-input,< 1K
Predicate,https://schema.org/itemDefectReturnFees-output,< 1K
Predicate,https://schema.org/itemDefectReturnLabelSource,< 1K
Predicate,https://schema.org/itemDefectReturnLabelSource-input,< 1K
Predicate,https://schema.org/itemDefectReturnLabelSource-output,< 1K
Predicate,https://schema.org/itemDefectReturnShippingFeesAmount,< 1K
Predicate,https://schema.org/itemDefectReturnShippingFeesAmount-input,< 1K
Predicate,https://schema.org/itemDefectReturnShippingFeesAmount-output,< 1K
Predicate,https://schema.org/itemListElement,10M+
Predicate,https://schema.org/itemListElement-input,< 1K
Predicate,https://schema.org/itemListElement-output,< 1K
Predicate,https://schema.org/itemListOrder,100K - 1M
Predicate,https://schema.org/itemListOrder-input,< 1K
Predicate,https://schema.org/itemListOrder-output,< 1K
Predicate,https://schema.org/itemLocation,< 1K
Predicate,https://schema.org/itemLocation-input,< 1K
Predicate,https://schema.org/itemLocation-output,< 1K
Predicate,https://schema.org/itemOffered,100K - 1M
Predicate,https://schema.org/itemOffered-input,< 1K
Predicate,https://schema.org/itemOffered-output,< 1K
Predicate,https://schema.org/itemReviewed,100K - 1M
Predicate,https://schema.org/itemReviewed-input,< 1K
Predicate,https://schema.org/itemReviewed-output,< 1K
Predicate,https://schema.org/itemShipped,< 1K
Predicate,https://schema.org/itemShipped-input,< 1K
Predicate,https://schema.org/itemShipped-output,< 1K
Predicate,https://schema.org/itinerary,10K - 100K
Predicate,https://schema.org/itinerary-input,< 1K
Predicate,https://schema.org/itinerary-output,< 1K
Predicate,https://schema.org/iupacName,< 1K
Predicate,https://schema.org/iupacName-input,< 1K
Predicate,https://schema.org/iupacName-output,< 1K
Predicate,https://schema.org/jobBenefits,10K - 100K
Predicate,https://schema.org/jobBenefits-input,< 1K
Predicate,https://schema.org/jobBenefits-output,< 1K
Predicate,https://schema.org/jobDuration,< 1K
Predicate,https://schema.org/jobDuration-input,< 1K
Predicate,https://schema.org/jobDuration-output,< 1K
Predicate,https://schema.org/jobImmediateStart,1K - 10K
Predicate,https://schema.org/jobImmediateStart-input,< 1K
Predicate,https://schema.org/jobImmediateStart-output,< 1K
Predicate,https://schema.org/jobLocation,100K - 1M
Predicate,https://schema.org/jobLocation-input,< 1K
Predicate,https://schema.org/jobLocation-output,< 1K
Predicate,https://schema.org/jobLocationType,10K - 100K
Predicate,https://schema.org/jobLocationType-input,< 1K
Predicate,https://schema.org/jobLocationType-output,< 1K
Predicate,https://schema.org/jobStartDate,1K - 10K
Predicate,https://schema.org/jobStartDate-input,< 1K
Predicate,https://schema.org/jobStartDate-output,< 1K
Predicate,https://schema.org/jobTitle,1M - 10M
Predicate,https://schema.org/jobTitle-input,< 1K
Predicate,https://schema.org/jobTitle-output,< 1K
Predicate,https://schema.org/jurisdiction,1K - 10K
Predicate,https://schema.org/jurisdiction-input,< 1K
Predicate,https://schema.org/jurisdiction-output,< 1K
Predicate,https://schema.org/keywords,1M - 10M
Predicate,https://schema.org/keywords-input,< 1K
Predicate,https://schema.org/keywords-output,< 1K
Predicate,https://schema.org/knownVehicleDamages,< 1K
Predicate,https://schema.org/knownVehicleDamages-input,< 1K
Predicate,https://schema.org/knownVehicleDamages-output,< 1K
Predicate,https://schema.org/knows,1K - 10K
Predicate,https://schema.org/knows-input,< 1K
Predicate,https://schema.org/knows-output,< 1K
Predicate,https://schema.org/knowsAbout,1M - 10M
Predicate,https://schema.org/knowsAbout-input,< 1K
Predicate,https://schema.org/knowsAbout-output,< 1K
Predicate,https://schema.org/knowsLanguage,100K - 1M
Predicate,https://schema.org/knowsLanguage-input,< 1K
Predicate,https://schema.org/knowsLanguage-output,< 1K
Predicate,https://schema.org/labelDetails,< 1K
Predicate,https://schema.org/labelDetails-input,< 1K
Predicate,https://schema.org/labelDetails-output,< 1K
Predicate,https://schema.org/landlord,< 1K
Predicate,https://schema.org/landlord-input,< 1K
Predicate,https://schema.org/landlord-output,< 1K
Predicate,https://schema.org/language,10K - 100K
Predicate,https://schema.org/language-input,< 1K
Predicate,https://schema.org/language-output,< 1K
Predicate,https://schema.org/lastReviewed,10K - 100K
Predicate,https://schema.org/lastReviewed-input,< 1K
Predicate,https://schema.org/lastReviewed-output,< 1K
Predicate,https://schema.org/latitude,1M - 10M
Predicate,https://schema.org/latitude-input,< 1K
Predicate,https://schema.org/latitude-output,< 1K
Predicate,https://schema.org/layoutImage,1K - 10K
Predicate,https://schema.org/layoutImage-input,< 1K
Predicate,https://schema.org/layoutImage-output,< 1K
Predicate,https://schema.org/learningResourceType,10K - 100K
Predicate,https://schema.org/learningResourceType-input,< 1K
Predicate,https://schema.org/learningResourceType-output,< 1K
Predicate,https://schema.org/leaseLength,1K - 10K
Predicate,https://schema.org/leaseLength-input,< 1K
Predicate,https://schema.org/leaseLength-output,< 1K
Predicate,https://schema.org/legalAddress,1K - 10K
Predicate,https://schema.org/legalAddress-input,< 1K
Predicate,https://schema.org/legalAddress-output,< 1K
Predicate,https://schema.org/legalName,1M - 10M
Predicate,https://schema.org/legalName-input,< 1K
Predicate,https://schema.org/legalName-output,< 1K
Predicate,https://schema.org/legalRepresentative,1K - 10K
Predicate,https://schema.org/legalRepresentative-input,< 1K
Predicate,https://schema.org/legalRepresentative-output,< 1K
Predicate,https://schema.org/legalStatus,1K - 10K
Predicate,https://schema.org/legalStatus-input,< 1K
Predicate,https://schema.org/legalStatus-output,< 1K
Predicate,https://schema.org/legislationAmends,< 1K
Predicate,https://schema.org/legislationAmends-input,< 1K
Predicate,https://schema.org/legislationAmends-output,< 1K
Predicate,https://schema.org/legislationApplies,< 1K
Predicate,https://schema.org/legislationApplies-input,< 1K
Predicate,https://schema.org/legislationApplies-output,< 1K
Predicate,https://schema.org/legislationChanges,< 1K
Predicate,https://schema.org/legislationChanges-input,< 1K
Predicate,https://schema.org/legislationChanges-output,< 1K
Predicate,https://schema.org/legislationCommences,< 1K
Predicate,https://schema.org/legislationCommences-input,< 1K
Predicate,https://schema.org/legislationCommences-output,< 1K
Predicate,https://schema.org/legislationConsolidates,< 1K
Predicate,https://schema.org/legislationConsolidates-input,< 1K
Predicate,https://schema.org/legislationConsolidates-output,< 1K
Predicate,https://schema.org/legislationCorrects,< 1K
Predicate,https://schema.org/legislationCorrects-input,< 1K
Predicate,https://schema.org/legislationCorrects-output,< 1K
Predicate,https://schema.org/legislationCountersignedBy,< 1K
Predicate,https://schema.org/legislationCountersignedBy-input,< 1K
Predicate,https://schema.org/legislationCountersignedBy-output,< 1K
Predicate,https://schema.org/legislationDate,< 1K
Predicate,https://schema.org/legislationDate-input,< 1K
Predicate,https://schema.org/legislationDate-output,< 1K
Predicate,https://schema.org/legislationDateOfApplicability,< 1K
Predicate,https://schema.org/legislationDateOfApplicability-input,< 1K
Predicate,https://schema.org/legislationDateOfApplicability-output,< 1K
Predicate,https://schema.org/legislationDateVersion,< 1K
Predicate,https://schema.org/legislationDateVersion-input,< 1K
Predicate,https://schema.org/legislationDateVersion-output,< 1K
Predicate,https://schema.org/legislationEnsuresImplementationOf,< 1K
Predicate,https://schema.org/legislationEnsuresImplementationOf-input,< 1K
Predicate,https://schema.org/legislationEnsuresImplementationOf-output,< 1K
Predicate,https://schema.org/legislationIdentifier,1K - 10K
Predicate,https://schema.org/legislationIdentifier-input,< 1K
Predicate,https://schema.org/legislationIdentifier-output,< 1K
Predicate,https://schema.org/legislationJurisdiction,1K - 10K
Predicate,https://schema.org/legislationJurisdiction-input,< 1K
Predicate,https://schema.org/legislationJurisdiction-output,< 1K
Predicate,https://schema.org/legislationLegalForce,< 1K
Predicate,https://schema.org/legislationLegalForce-input,< 1K
Predicate,https://schema.org/legislationLegalForce-output,< 1K
Predicate,https://schema.org/legislationLegalValue,< 1K
Predicate,https://schema.org/legislationLegalValue-input,< 1K
Predicate,https://schema.org/legislationLegalValue-output,< 1K
Predicate,https://schema.org/legislationPassedBy,< 1K
Predicate,https://schema.org/legislationPassedBy-input,< 1K
Predicate,https://schema.org/legislationPassedBy-output,< 1K
Predicate,https://schema.org/legislationRepeals,< 1K
Predicate,https://schema.org/legislationRepeals-input,< 1K
Predicate,https://schema.org/legislationRepeals-output,< 1K
Predicate,https://schema.org/legislationResponsible,< 1K
Predicate,https://schema.org/legislationResponsible-input,< 1K
Predicate,https://schema.org/legislationResponsible-output,< 1K
Predicate,https://schema.org/legislationTransposes,< 1K
Predicate,https://schema.org/legislationTransposes-input,< 1K
Predicate,https://schema.org/legislationTransposes-output,< 1K
Predicate,https://schema.org/legislationType,1K - 10K
Predicate,https://schema.org/legislationType-input,< 1K
Predicate,https://schema.org/legislationType-output,< 1K
Predicate,https://schema.org/leiCode,1K - 10K
Predicate,https://schema.org/leiCode-input,< 1K
Predicate,https://schema.org/leiCode-output,< 1K
Predicate,https://schema.org/lender,< 1K
Predicate,https://schema.org/lender-input,< 1K
Predicate,https://schema.org/lender-output,< 1K
Predicate,https://schema.org/lesser,< 1K
Predicate,https://schema.org/lesser-input,< 1K
Predicate,https://schema.org/lesser-output,< 1K
Predicate,https://schema.org/lesserOrEqual,< 1K
Predicate,https://schema.org/lesserOrEqual-input,< 1K
Predicate,https://schema.org/lesserOrEqual-output,< 1K
Predicate,https://schema.org/letterer,< 1K
Predicate,https://schema.org/letterer-input,< 1K
Predicate,https://schema.org/letterer-output,< 1K
Predicate,https://schema.org/license,100K - 1M
Predicate,https://schema.org/license-input,< 1K
Predicate,https://schema.org/license-output,< 1K
Predicate,https://schema.org/lifeEvent,< 1K
Predicate,https://schema.org/lifeEvent-input,< 1K
Predicate,https://schema.org/lifeEvent-output,< 1K
Predicate,https://schema.org/line,< 1K
Predicate,https://schema.org/line-input,< 1K
Predicate,https://schema.org/line-output,< 1K
Predicate,https://schema.org/linkRelationship,< 1K
Predicate,https://schema.org/linkRelationship-input,< 1K
Predicate,https://schema.org/linkRelationship-output,< 1K
Predicate,https://schema.org/liveBlogUpdate,1K - 10K
Predicate,https://schema.org/liveBlogUpdate-input,< 1K
Predicate,https://schema.org/liveBlogUpdate-output,< 1K
Predicate,https://schema.org/loanMortgageMandateAmount,< 1K
Predicate,https://schema.org/loanMortgageMandateAmount-input,< 1K
Predicate,https://schema.org/loanMortgageMandateAmount-output,< 1K
Predicate,https://schema.org/loanPaymentAmount,< 1K
Predicate,https://schema.org/loanPaymentAmount-input,< 1K
Predicate,https://schema.org/loanPaymentAmount-output,< 1K
Predicate,https://schema.org/loanPaymentFrequency,< 1K
Predicate,https://schema.org/loanPaymentFrequency-input,< 1K
Predicate,https://schema.org/loanPaymentFrequency-output,< 1K
Predicate,https://schema.org/loanRepaymentForm,< 1K
Predicate,https://schema.org/loanRepaymentForm-input,< 1K
Predicate,https://schema.org/loanRepaymentForm-output,< 1K
Predicate,https://schema.org/loanTerm,1K - 10K
Predicate,https://schema.org/loanTerm-input,< 1K
Predicate,https://schema.org/loanTerm-output,< 1K
Predicate,https://schema.org/loanType,1K - 10K
Predicate,https://schema.org/loanType-input,< 1K
Predicate,https://schema.org/loanType-output,< 1K
Predicate,https://schema.org/location,1M - 10M
Predicate,https://schema.org/location-input,< 1K
Predicate,https://schema.org/location-output,< 1K
Predicate,https://schema.org/locationCreated,10K - 100K
Predicate,https://schema.org/locationCreated-input,< 1K
Predicate,https://schema.org/locationCreated-output,< 1K
Predicate,https://schema.org/lodgingUnitDescription,< 1K
Predicate,https://schema.org/lodgingUnitDescription-input,< 1K
Predicate,https://schema.org/lodgingUnitDescription-output,< 1K
Predicate,https://schema.org/lodgingUnitType,< 1K
Predicate,https://schema.org/lodgingUnitType-input,< 1K
Predicate,https://schema.org/lodgingUnitType-output,< 1K
Predicate,https://schema.org/logo,10M+
Predicate,https://schema.org/logo-input,< 1K
Predicate,https://schema.org/logo-output,< 1K
Predicate,https://schema.org/longitude,1M - 10M
Predicate,https://schema.org/longitude-input,< 1K
Predicate,https://schema.org/longitude-output,< 1K
Predicate,https://schema.org/loser,< 1K
Predicate,https://schema.org/loser-input,< 1K
Predicate,https://schema.org/loser-output,< 1K
Predicate,https://schema.org/lowPrice,1M - 10M
Predicate,https://schema.org/lowPrice-input,< 1K
Predicate,https://schema.org/lowPrice-output,< 1K
Predicate,https://schema.org/lyricist,< 1K
Predicate,https://schema.org/lyricist-input,< 1K
Predicate,https://schema.org/lyricist-output,< 1K
Predicate,https://schema.org/lyrics,1K - 10K
Predicate,https://schema.org/lyrics-input,< 1K
Predicate,https://schema.org/lyrics-output,< 1K
Predicate,https://schema.org/mainContentOfPage,1M - 10M
Predicate,https://schema.org/mainContentOfPage-input,< 1K
Predicate,https://schema.org/mainContentOfPage-output,< 1K
Predicate,https://schema.org/mainEntity,1M - 10M
Predicate,https://schema.org/mainEntity-input,< 1K
Predicate,https://schema.org/mainEntity-output,< 1K
Predicate,https://schema.org/mainEntityOfPage,10M+
Predicate,https://schema.org/mainEntityOfPage-input,< 1K
Predicate,https://schema.org/mainEntityOfPage-output,< 1K
Predicate,https://schema.org/maintainer,1K - 10K
Predicate,https://schema.org/maintainer-input,< 1K
Predicate,https://schema.org/maintainer-output,< 1K
Predicate,https://schema.org/makesOffer,100K - 1M
Predicate,https://schema.org/makesOffer-input,< 1K
Predicate,https://schema.org/makesOffer-output,< 1K
Predicate,https://schema.org/manufacturer,100K - 1M
Predicate,https://schema.org/manufacturer-input,< 1K
Predicate,https://schema.org/manufacturer-output,< 1K
Predicate,https://schema.org/map,1K - 10K
Predicate,https://schema.org/map-input,< 1K
Predicate,https://schema.org/map-output,< 1K
Predicate,https://schema.org/mapType,1K - 10K
Predicate,https://schema.org/mapType-input,< 1K
Predicate,https://schema.org/mapType-output,< 1K
Predicate,https://schema.org/maps,1K - 10K
Predicate,https://schema.org/maps-input,< 1K
Predicate,https://schema.org/maps-output,< 1K
Predicate,https://schema.org/marginOfError,< 1K
Predicate,https://schema.org/marginOfError-input,< 1K
Predicate,https://schema.org/marginOfError-output,< 1K
Predicate,https://schema.org/masthead,1K - 10K
Predicate,https://schema.org/masthead-input,< 1K
Predicate,https://schema.org/masthead-output,< 1K
Predicate,https://schema.org/material,10K - 100K
Predicate,https://schema.org/material-input,< 1K
Predicate,https://schema.org/material-output,< 1K
Predicate,https://schema.org/materialExtent,< 1K
Predicate,https://schema.org/materialExtent-input,< 1K
Predicate,https://schema.org/materialExtent-output,< 1K
Predicate,https://schema.org/mathExpression,< 1K
Predicate,https://schema.org/mathExpression-input,< 1K
Predicate,https://schema.org/mathExpression-output,< 1K
Predicate,https://schema.org/maxPrice,10K - 100K
Predicate,https://schema.org/maxPrice-input,< 1K
Predicate,https://schema.org/maxPrice-output,< 1K
Predicate,https://schema.org/maxValue,100K - 1M
Predicate,https://schema.org/maxValue-input,< 1K
Predicate,https://schema.org/maxValue-output,< 1K
Predicate,https://schema.org/maximumAttendeeCapacity,10K - 100K
Predicate,https://schema.org/maximumAttendeeCapacity-input,< 1K
Predicate,https://schema.org/maximumAttendeeCapacity-output,< 1K
Predicate,https://schema.org/maximumEnrollment,< 1K
Predicate,https://schema.org/maximumEnrollment-input,< 1K
Predicate,https://schema.org/maximumEnrollment-output,< 1K
Predicate,https://schema.org/maximumIntake,< 1K
Predicate,https://schema.org/maximumIntake-input,< 1K
Predicate,https://schema.org/maximumIntake-output,< 1K
Predicate,https://schema.org/maximumPhysicalAttendeeCapacity,< 1K
Predicate,https://schema.org/maximumPhysicalAttendeeCapacity-input,< 1K
Predicate,https://schema.org/maximumPhysicalAttendeeCapacity-output,< 1K
Predicate,https://schema.org/maximumVirtualAttendeeCapacity,< 1K
Predicate,https://schema.org/maximumVirtualAttendeeCapacity-input,< 1K
Predicate,https://schema.org/maximumVirtualAttendeeCapacity-output,< 1K
Predicate,https://schema.org/mealService,< 1K
Predicate,https://schema.org/mealService-input,< 1K
Predicate,https://schema.org/mealService-output,< 1K
Predicate,https://schema.org/measuredProperty,< 1K
Predicate,https://schema.org/measuredProperty-input,< 1K
Predicate,https://schema.org/measuredProperty-output,< 1K
Predicate,https://schema.org/measurementDenominator,< 1K
Predicate,https://schema.org/measurementDenominator-input,< 1K
Predicate,https://schema.org/measurementDenominator-output,< 1K
Predicate,https://schema.org/measurementMethod,< 1K
Predicate,https://schema.org/measurementMethod-input,< 1K
Predicate,https://schema.org/measurementMethod-output,< 1K
Predicate,https://schema.org/measurementQualifier,< 1K
Predicate,https://schema.org/measurementQualifier-input,< 1K
Predicate,https://schema.org/measurementQualifier-output,< 1K
Predicate,https://schema.org/measurementTechnique,1K - 10K
Predicate,https://schema.org/measurementTechnique-input,< 1K
Predicate,https://schema.org/measurementTechnique-output,< 1K
Predicate,https://schema.org/mechanismOfAction,1K - 10K
Predicate,https://schema.org/mechanismOfAction-input,< 1K
Predicate,https://schema.org/mechanismOfAction-output,< 1K
Predicate,https://schema.org/mediaAuthenticityCategory,< 1K
Predicate,https://schema.org/mediaAuthenticityCategory-input,< 1K
Predicate,https://schema.org/mediaAuthenticityCategory-output,< 1K
Predicate,https://schema.org/mediaItemAppearance,< 1K
Predicate,https://schema.org/mediaItemAppearance-input,< 1K
Predicate,https://schema.org/mediaItemAppearance-output,< 1K
Predicate,https://schema.org/median,1K - 10K
Predicate,https://schema.org/median-input,< 1K
Predicate,https://schema.org/median-output,< 1K
Predicate,https://schema.org/medicalAudience,10K - 100K
Predicate,https://schema.org/medicalAudience-input,< 1K
Predicate,https://schema.org/medicalAudience-output,< 1K
Predicate,https://schema.org/medicalSpecialty,100K - 1M
Predicate,https://schema.org/medicalSpecialty-input,< 1K
Predicate,https://schema.org/medicalSpecialty-output,< 1K
Predicate,https://schema.org/medicineSystem,1K - 10K
Predicate,https://schema.org/medicineSystem-input,< 1K
Predicate,https://schema.org/medicineSystem-output,< 1K
Predicate,https://schema.org/meetsEmissionStandard,< 1K
Predicate,https://schema.org/meetsEmissionStandard-input,< 1K
Predicate,https://schema.org/meetsEmissionStandard-output,< 1K
Predicate,https://schema.org/member,10K - 100K
Predicate,https://schema.org/member-input,< 1K
Predicate,https://schema.org/member-output,< 1K
Predicate,https://schema.org/memberOf,100K - 1M
Predicate,https://schema.org/memberOf-input,< 1K
Predicate,https://schema.org/memberOf-output,< 1K
Predicate,https://schema.org/members,< 1K
Predicate,https://schema.org/members-input,< 1K
Predicate,https://schema.org/members-output,< 1K
Predicate,https://schema.org/membershipNumber,< 1K
Predicate,https://schema.org/membershipNumber-input,< 1K
Predicate,https://schema.org/membershipNumber-output,< 1K
Predicate,https://schema.org/membershipPointsEarned,1K - 10K
Predicate,https://schema.org/membershipPointsEarned-input,< 1K
Predicate,https://schema.org/membershipPointsEarned-output,< 1K
Predicate,https://schema.org/memoryRequirements,1K - 10K
Predicate,https://schema.org/memoryRequirements-input,< 1K
Predicate,https://schema.org/memoryRequirements-output,< 1K
Predicate,https://schema.org/mentions,10K - 100K
Predicate,https://schema.org/mentions-input,< 1K
Predicate,https://schema.org/mentions-output,< 1K
Predicate,https://schema.org/menu,10K - 100K
Predicate,https://schema.org/menu-input,< 1K
Predicate,https://schema.org/menu-output,< 1K
Predicate,https://schema.org/menuAddOn,10K - 100K
Predicate,https://schema.org/menuAddOn-input,< 1K
Predicate,https://schema.org/menuAddOn-output,< 1K
Predicate,https://schema.org/merchant,< 1K
Predicate,https://schema.org/merchant-input,< 1K
Predicate,https://schema.org/merchant-output,< 1K
Predicate,https://schema.org/merchantReturnDays,100K - 1M
Predicate,https://schema.org/merchantReturnDays-input,< 1K
Predicate,https://schema.org/merchantReturnDays-output,< 1K
Predicate,https://schema.org/merchantReturnLink,10K - 100K
Predicate,https://schema.org/merchantReturnLink-input,< 1K
Predicate,https://schema.org/merchantReturnLink-output,< 1K
Predicate,https://schema.org/messageAttachment,< 1K
Predicate,https://schema.org/messageAttachment-input,< 1K
Predicate,https://schema.org/messageAttachment-output,< 1K
Predicate,https://schema.org/mileageFromOdometer,10K - 100K
Predicate,https://schema.org/mileageFromOdometer-input,< 1K
Predicate,https://schema.org/mileageFromOdometer-output,< 1K
Predicate,https://schema.org/minPrice,10K - 100K
Predicate,https://schema.org/minPrice-input,< 1K
Predicate,https://schema.org/minPrice-output,< 1K
Predicate,https://schema.org/minValue,100K - 1M
Predicate,https://schema.org/minValue-input,< 1K
Predicate,https://schema.org/minValue-output,< 1K
Predicate,https://schema.org/minimumPaymentDue,< 1K
Predicate,https://schema.org/minimumPaymentDue-input,< 1K
Predicate,https://schema.org/minimumPaymentDue-output,< 1K
Predicate,https://schema.org/missionCoveragePrioritiesPolicy,1K - 10K
Predicate,https://schema.org/missionCoveragePrioritiesPolicy-input,< 1K
Predicate,https://schema.org/missionCoveragePrioritiesPolicy-output,< 1K
Predicate,https://schema.org/mobileUrl,< 1K
Predicate,https://schema.org/mobileUrl-input,< 1K
Predicate,https://schema.org/mobileUrl-output,< 1K
Predicate,https://schema.org/model,100K - 1M
Predicate,https://schema.org/model-input,< 1K
Predicate,https://schema.org/model-output,< 1K
Predicate,https://schema.org/modelDate,10K - 100K
Predicate,https://schema.org/modelDate-input,< 1K
Predicate,https://schema.org/modelDate-output,< 1K
Predicate,https://schema.org/modifiedTime,< 1K
Predicate,https://schema.org/modifiedTime-input,< 1K
Predicate,https://schema.org/modifiedTime-output,< 1K
Predicate,https://schema.org/molecularFormula,< 1K
Predicate,https://schema.org/molecularFormula-input,< 1K
Predicate,https://schema.org/molecularFormula-output,< 1K
Predicate,https://schema.org/molecularWeight,< 1K
Predicate,https://schema.org/molecularWeight-input,< 1K
Predicate,https://schema.org/molecularWeight-output,< 1K
Predicate,https://schema.org/monoisotopicMolecularWeight,< 1K
Predicate,https://schema.org/monoisotopicMolecularWeight-input,< 1K
Predicate,https://schema.org/monoisotopicMolecularWeight-output,< 1K
Predicate,https://schema.org/monthlyMinimumRepaymentAmount,< 1K
Predicate,https://schema.org/monthlyMinimumRepaymentAmount-input,< 1K
Predicate,https://schema.org/monthlyMinimumRepaymentAmount-output,< 1K
Predicate,https://schema.org/monthsOfExperience,1K - 10K
Predicate,https://schema.org/monthsOfExperience-input,< 1K
Predicate,https://schema.org/monthsOfExperience-output,< 1K
Predicate,https://schema.org/mpn,1M - 10M
Predicate,https://schema.org/mpn-input,< 1K
Predicate,https://schema.org/mpn-output,< 1K
Predicate,https://schema.org/multipleValues,< 1K
Predicate,https://schema.org/multipleValues-input,< 1K
Predicate,https://schema.org/multipleValues-output,< 1K
Predicate,https://schema.org/muscleAction,< 1K
Predicate,https://schema.org/muscleAction-input,< 1K
Predicate,https://schema.org/muscleAction-output,< 1K
Predicate,https://schema.org/musicArrangement,< 1K
Predicate,https://schema.org/musicArrangement-input,< 1K
Predicate,https://schema.org/musicArrangement-output,< 1K
Predicate,https://schema.org/musicBy,1K - 10K
Predicate,https://schema.org/musicBy-input,< 1K
Predicate,https://schema.org/musicBy-output,< 1K
Predicate,https://schema.org/musicCompositionForm,< 1K
Predicate,https://schema.org/musicCompositionForm-input,< 1K
Predicate,https://schema.org/musicCompositionForm-output,< 1K
Predicate,https://schema.org/musicGroupMember,< 1K
Predicate,https://schema.org/musicGroupMember-input,< 1K
Predicate,https://schema.org/musicGroupMember-output,< 1K
Predicate,https://schema.org/musicReleaseFormat,1K - 10K
Predicate,https://schema.org/musicReleaseFormat-input,< 1K
Predicate,https://schema.org/musicReleaseFormat-output,< 1K
Predicate,https://schema.org/musicalKey,< 1K
Predicate,https://schema.org/musicalKey-input,< 1K
Predicate,https://schema.org/musicalKey-output,< 1K
Predicate,https://schema.org/naics,10K - 100K
Predicate,https://schema.org/naics-input,< 1K
Predicate,https://schema.org/naics-output,< 1K
Predicate,https://schema.org/name,10M+
Predicate,https://schema.org/name-input,< 1K
Predicate,https://schema.org/name-output,< 1K
Predicate,https://schema.org/namedPosition,< 1K
Predicate,https://schema.org/namedPosition-input,< 1K
Predicate,https://schema.org/namedPosition-output,< 1K
Predicate,https://schema.org/nationality,10K - 100K
Predicate,https://schema.org/nationality-input,< 1K
Predicate,https://schema.org/nationality-output,< 1K
Predicate,https://schema.org/naturalProgression,< 1K
Predicate,https://schema.org/naturalProgression-input,< 1K
Predicate,https://schema.org/naturalProgression-output,< 1K
Predicate,https://schema.org/negativeNotes,10K - 100K
Predicate,https://schema.org/negativeNotes-input,< 1K
Predicate,https://schema.org/negativeNotes-output,< 1K
Predicate,https://schema.org/nerve,< 1K
Predicate,https://schema.org/nerve-input,< 1K
Predicate,https://schema.org/nerve-output,< 1K
Predicate,https://schema.org/nerveMotor,< 1K
Predicate,https://schema.org/nerveMotor-input,< 1K
Predicate,https://schema.org/nerveMotor-output,< 1K
Predicate,https://schema.org/netWorth,< 1K
Predicate,https://schema.org/netWorth-input,< 1K
Predicate,https://schema.org/netWorth-output,< 1K
Predicate,https://schema.org/newsUpdatesAndGuidelines,< 1K
Predicate,https://schema.org/newsUpdatesAndGuidelines-input,< 1K
Predicate,https://schema.org/newsUpdatesAndGuidelines-output,< 1K
Predicate,https://schema.org/nextItem,1M - 10M
Predicate,https://schema.org/nextItem-input,< 1K
Predicate,https://schema.org/nextItem-output,< 1K
Predicate,https://schema.org/noBylinesPolicy,< 1K
Predicate,https://schema.org/noBylinesPolicy-input,< 1K
Predicate,https://schema.org/noBylinesPolicy-output,< 1K
Predicate,https://schema.org/nonEqual,< 1K
Predicate,https://schema.org/nonEqual-input,< 1K
Predicate,https://schema.org/nonEqual-output,< 1K
Predicate,https://schema.org/nonProprietaryName,1K - 10K
Predicate,https://schema.org/nonProprietaryName-input,< 1K
Predicate,https://schema.org/nonProprietaryName-output,< 1K
Predicate,https://schema.org/nonprofitStatus,1K - 10K
Predicate,https://schema.org/nonprofitStatus-input,< 1K
Predicate,https://schema.org/nonprofitStatus-output,< 1K
Predicate,https://schema.org/normalRange,< 1K
Predicate,https://schema.org/normalRange-input,< 1K
Predicate,https://schema.org/normalRange-output,< 1K
Predicate,https://schema.org/nsn,< 1K
Predicate,https://schema.org/nsn-input,< 1K
Predicate,https://schema.org/nsn-output,< 1K
Predicate,https://schema.org/numAdults,< 1K
Predicate,https://schema.org/numAdults-input,< 1K
Predicate,https://schema.org/numAdults-output,< 1K
Predicate,https://schema.org/numChildren,< 1K
Predicate,https://schema.org/numChildren-input,< 1K
Predicate,https://schema.org/numChildren-output,< 1K
Predicate,https://schema.org/numConstraints,< 1K
Predicate,https://schema.org/numConstraints-input,< 1K
Predicate,https://schema.org/numConstraints-output,< 1K
Predicate,https://schema.org/numItems,< 1K
Predicate,https://schema.org/numItems-input,< 1K
Predicate,https://schema.org/numItems-output,< 1K
Predicate,https://schema.org/numTracks,10K - 100K
Predicate,https://schema.org/numTracks-input,< 1K
Predicate,https://schema.org/numTracks-output,< 1K
Predicate,https://schema.org/numberOfAccommodationUnits,1K - 10K
Predicate,https://schema.org/numberOfAccommodationUnits-input,< 1K
Predicate,https://schema.org/numberOfAccommodationUnits-output,< 1K
Predicate,https://schema.org/numberOfAirbags,< 1K
Predicate,https://schema.org/numberOfAirbags-input,< 1K
Predicate,https://schema.org/numberOfAirbags-output,< 1K
Predicate,https://schema.org/numberOfAvailableAccommodationUnits,1K - 10K
Predicate,https://schema.org/numberOfAvailableAccommodationUnits-input,< 1K
Predicate,https://schema.org/numberOfAvailableAccommodationUnits-output,< 1K
Predicate,https://schema.org/numberOfAxles,1K - 10K
Predicate,https://schema.org/numberOfAxles-input,< 1K
Predicate,https://schema.org/numberOfAxles-output,< 1K
Predicate,https://schema.org/numberOfBathroomsTotal,100K - 1M
Predicate,https://schema.org/numberOfBathroomsTotal-input,< 1K
Predicate,https://schema.org/numberOfBathroomsTotal-output,< 1K
Predicate,https://schema.org/numberOfBedrooms,100K - 1M
Predicate,https://schema.org/numberOfBedrooms-input,< 1K
Predicate,https://schema.org/numberOfBedrooms-output,< 1K
Predicate,https://schema.org/numberOfBeds,10K - 100K
Predicate,https://schema.org/numberOfBeds-input,< 1K
Predicate,https://schema.org/numberOfBeds-output,< 1K
Predicate,https://schema.org/numberOfCredits,1K - 10K
Predicate,https://schema.org/numberOfCredits-input,< 1K
Predicate,https://schema.org/numberOfCredits-output,< 1K
Predicate,https://schema.org/numberOfDoors,10K - 100K
Predicate,https://schema.org/numberOfDoors-input,< 1K
Predicate,https://schema.org/numberOfDoors-output,< 1K
Predicate,https://schema.org/numberOfEmployees,100K - 1M
Predicate,https://schema.org/numberOfEmployees-input,< 1K
Predicate,https://schema.org/numberOfEmployees-output,< 1K
Predicate,https://schema.org/numberOfEpisodes,10K - 100K
Predicate,https://schema.org/numberOfEpisodes-input,< 1K
Predicate,https://schema.org/numberOfEpisodes-output,< 1K
Predicate,https://schema.org/numberOfForwardGears,1K - 10K
Predicate,https://schema.org/numberOfForwardGears-input,< 1K
Predicate,https://schema.org/numberOfForwardGears-output,< 1K
Predicate,https://schema.org/numberOfFullBathrooms,10K - 100K
Predicate,https://schema.org/numberOfFullBathrooms-input,< 1K
Predicate,https://schema.org/numberOfFullBathrooms-output,< 1K
Predicate,https://schema.org/numberOfItems,100K - 1M
Predicate,https://schema.org/numberOfItems-input,< 1K
Predicate,https://schema.org/numberOfItems-output,< 1K
Predicate,https://schema.org/numberOfLoanPayments,< 1K
Predicate,https://schema.org/numberOfLoanPayments-input,< 1K
Predicate,https://schema.org/numberOfLoanPayments-output,< 1K
Predicate,https://schema.org/numberOfPages,10K - 100K
Predicate,https://schema.org/numberOfPages-input,< 1K
Predicate,https://schema.org/numberOfPages-output,< 1K
Predicate,https://schema.org/numberOfPartialBathrooms,1K - 10K
Predicate,https://schema.org/numberOfPartialBathrooms-input,< 1K
Predicate,https://schema.org/numberOfPartialBathrooms-output,< 1K
Predicate,https://schema.org/numberOfPlayers,10K - 100K
Predicate,https://schema.org/numberOfPlayers-input,< 1K
Predicate,https://schema.org/numberOfPlayers-output,< 1K
Predicate,https://schema.org/numberOfPreviousOwners,1K - 10K
Predicate,https://schema.org/numberOfPreviousOwners-input,< 1K
Predicate,https://schema.org/numberOfPreviousOwners-output,< 1K
Predicate,https://schema.org/numberOfRooms,10K - 100K
Predicate,https://schema.org/numberOfRooms-input,< 1K
Predicate,https://schema.org/numberOfRooms-output,< 1K
Predicate,https://schema.org/numberOfSeasons,1K - 10K
Predicate,https://schema.org/numberOfSeasons-input,< 1K
Predicate,https://schema.org/numberOfSeasons-output,< 1K
Predicate,https://schema.org/numberedPosition,< 1K
Predicate,https://schema.org/numberedPosition-input,< 1K
Predicate,https://schema.org/numberedPosition-output,< 1K
Predicate,https://schema.org/nutrition,10K - 100K
Predicate,https://schema.org/nutrition-input,< 1K
Predicate,https://schema.org/nutrition-output,< 1K
Predicate,https://schema.org/object,10K - 100K
Predicate,https://schema.org/object-input,< 1K
Predicate,https://schema.org/object-output,< 1K
Predicate,https://schema.org/observationAbout,< 1K
Predicate,https://schema.org/observationAbout-input,< 1K
Predicate,https://schema.org/observationAbout-output,< 1K
Predicate,https://schema.org/observationDate,< 1K
Predicate,https://schema.org/observationDate-input,< 1K
Predicate,https://schema.org/observationDate-output,< 1K
Predicate,https://schema.org/observationPeriod,< 1K
Predicate,https://schema.org/observationPeriod-input,< 1K
Predicate,https://schema.org/observationPeriod-output,< 1K
Predicate,https://schema.org/occupancy,10K - 100K
Predicate,https://schema.org/occupancy-input,< 1K
Predicate,https://schema.org/occupancy-output,< 1K
Predicate,https://schema.org/occupationLocation,10K - 100K
Predicate,https://schema.org/occupationLocation-input,< 1K
Predicate,https://schema.org/occupationLocation-output,< 1K
Predicate,https://schema.org/occupationalCategory,10K - 100K
Predicate,https://schema.org/occupationalCategory-input,< 1K
Predicate,https://schema.org/occupationalCategory-output,< 1K
Predicate,https://schema.org/occupationalCredentialAwarded,1K - 10K
Predicate,https://schema.org/occupationalCredentialAwarded-input,< 1K
Predicate,https://schema.org/occupationalCredentialAwarded-output,< 1K
Predicate,https://schema.org/offerCount,1M - 10M
Predicate,https://schema.org/offerCount-input,< 1K
Predicate,https://schema.org/offerCount-output,< 1K
Predicate,https://schema.org/offeredBy,10K - 100K
Predicate,https://schema.org/offeredBy-input,< 1K
Predicate,https://schema.org/offeredBy-output,< 1K
Predicate,https://schema.org/offers,10M+
Predicate,https://schema.org/offers-input,< 1K
Predicate,https://schema.org/offers-output,< 1K
Predicate,https://schema.org/offersPrescriptionByMail,< 1K
Predicate,https://schema.org/offersPrescriptionByMail-input,< 1K
Predicate,https://schema.org/offersPrescriptionByMail-output,< 1K
Predicate,https://schema.org/openingHours,1M - 10M
Predicate,https://schema.org/openingHours-input,< 1K
Predicate,https://schema.org/openingHours-output,< 1K
Predicate,https://schema.org/openingHoursSpecification,1M - 10M
Predicate,https://schema.org/openingHoursSpecification-input,< 1K
Predicate,https://schema.org/openingHoursSpecification-output,< 1K
Predicate,https://schema.org/opens,1M - 10M
Predicate,https://schema.org/opens-input,< 1K
Predicate,https://schema.org/opens-output,< 1K
Predicate,https://schema.org/operatingSystem,1M - 10M
Predicate,https://schema.org/operatingSystem-input,< 1K
Predicate,https://schema.org/operatingSystem-output,< 1K
Predicate,https://schema.org/opponent,< 1K
Predicate,https://schema.org/opponent-input,< 1K
Predicate,https://schema.org/opponent-output,< 1K
Predicate,https://schema.org/option,< 1K
Predicate,https://schema.org/option-input,< 1K
Predicate,https://schema.org/option-output,< 1K
Predicate,https://schema.org/orderDate,< 1K
Predicate,https://schema.org/orderDate-input,< 1K
Predicate,https://schema.org/orderDate-output,< 1K
Predicate,https://schema.org/orderDelivery,< 1K
Predicate,https://schema.org/orderDelivery-input,< 1K
Predicate,https://schema.org/orderDelivery-output,< 1K
Predicate,https://schema.org/orderItemNumber,< 1K
Predicate,https://schema.org/orderItemNumber-input,< 1K
Predicate,https://schema.org/orderItemNumber-output,< 1K
Predicate,https://schema.org/orderItemStatus,< 1K
Predicate,https://schema.org/orderItemStatus-input,< 1K
Predicate,https://schema.org/orderItemStatus-output,< 1K
Predicate,https://schema.org/orderNumber,< 1K
Predicate,https://schema.org/orderNumber-input,< 1K
Predicate,https://schema.org/orderNumber-output,< 1K
Predicate,https://schema.org/orderPercentage,< 1K
Predicate,https://schema.org/orderPercentage-input,< 1K
Predicate,https://schema.org/orderPercentage-output,< 1K
Predicate,https://schema.org/orderQuantity,< 1K
Predicate,https://schema.org/orderQuantity-input,< 1K
Predicate,https://schema.org/orderQuantity-output,< 1K
Predicate,https://schema.org/orderStatus,< 1K
Predicate,https://schema.org/orderStatus-input,< 1K
Predicate,https://schema.org/orderStatus-output,< 1K
Predicate,https://schema.org/orderValue,1K - 10K
Predicate,https://schema.org/orderValue-input,< 1K
Predicate,https://schema.org/orderValue-output,< 1K
Predicate,https://schema.org/orderedItem,< 1K
Predicate,https://schema.org/orderedItem-input,< 1K
Predicate,https://schema.org/orderedItem-output,< 1K
Predicate,https://schema.org/organizer,100K - 1M
Predicate,https://schema.org/organizer-input,< 1K
Predicate,https://schema.org/organizer-output,< 1K
Predicate,https://schema.org/originAddress,< 1K
Predicate,https://schema.org/originAddress-input,< 1K
Predicate,https://schema.org/originAddress-output,< 1K
Predicate,https://schema.org/originalMediaContextDescription,< 1K
Predicate,https://schema.org/originalMediaContextDescription-input,< 1K
Predicate,https://schema.org/originalMediaContextDescription-output,< 1K
Predicate,https://schema.org/originalMediaLink,< 1K
Predicate,https://schema.org/originalMediaLink-input,< 1K
Predicate,https://schema.org/originalMediaLink-output,< 1K
Predicate,https://schema.org/originatesFrom,< 1K
Predicate,https://schema.org/originatesFrom-input,< 1K
Predicate,https://schema.org/originatesFrom-output,< 1K
Predicate,https://schema.org/overdosage,< 1K
Predicate,https://schema.org/overdosage-input,< 1K
Predicate,https://schema.org/overdosage-output,< 1K
Predicate,https://schema.org/ownedFrom,< 1K
Predicate,https://schema.org/ownedFrom-input,< 1K
Predicate,https://schema.org/ownedFrom-output,< 1K
Predicate,https://schema.org/ownedThrough,< 1K
Predicate,https://schema.org/ownedThrough-input,< 1K
Predicate,https://schema.org/ownedThrough-output,< 1K
Predicate,https://schema.org/owner,1K - 10K
Predicate,https://schema.org/owner-input,< 1K
Predicate,https://schema.org/owner-output,< 1K
Predicate,https://schema.org/ownershipFundingInfo,10K - 100K
Predicate,https://schema.org/ownershipFundingInfo-input,< 1K
Predicate,https://schema.org/ownershipFundingInfo-output,< 1K
Predicate,https://schema.org/owns,10K - 100K
Predicate,https://schema.org/owns-input,< 1K
Predicate,https://schema.org/owns-output,< 1K
Predicate,https://schema.org/pageEnd,1K - 10K
Predicate,https://schema.org/pageEnd-input,< 1K
Predicate,https://schema.org/pageEnd-output,< 1K
Predicate,https://schema.org/pageStart,1K - 10K
Predicate,https://schema.org/pageStart-input,< 1K
Predicate,https://schema.org/pageStart-output,< 1K
Predicate,https://schema.org/pagination,1K - 10K
Predicate,https://schema.org/pagination-input,< 1K
Predicate,https://schema.org/pagination-output,< 1K
Predicate,https://schema.org/parent,1K - 10K
Predicate,https://schema.org/parent-input,< 1K
Predicate,https://schema.org/parent-output,< 1K
Predicate,https://schema.org/parentItem,1K - 10K
Predicate,https://schema.org/parentItem-input,< 1K
Predicate,https://schema.org/parentItem-output,< 1K
Predicate,https://schema.org/parentOrganization,100K - 1M
Predicate,https://schema.org/parentOrganization-input,< 1K
Predicate,https://schema.org/parentOrganization-output,< 1K
Predicate,https://schema.org/parentService,< 1K
Predicate,https://schema.org/parentService-input,< 1K
Predicate,https://schema.org/parentService-output,< 1K
Predicate,https://schema.org/parentTaxon,< 1K
Predicate,https://schema.org/parentTaxon-input,< 1K
Predicate,https://schema.org/parentTaxon-output,< 1K
Predicate,https://schema.org/parents,< 1K
Predicate,https://schema.org/parents-input,< 1K
Predicate,https://schema.org/parents-output,< 1K
Predicate,https://schema.org/partOfEpisode,< 1K
Predicate,https://schema.org/partOfEpisode-input,< 1K
Predicate,https://schema.org/partOfEpisode-output,< 1K
Predicate,https://schema.org/partOfInvoice,< 1K
Predicate,https://schema.org/partOfInvoice-input,< 1K
Predicate,https://schema.org/partOfInvoice-output,< 1K
Predicate,https://schema.org/partOfOrder,< 1K
Predicate,https://schema.org/partOfOrder-input,< 1K
Predicate,https://schema.org/partOfOrder-output,< 1K
Predicate,https://schema.org/partOfSeason,1K - 10K
Predicate,https://schema.org/partOfSeason-input,< 1K
Predicate,https://schema.org/partOfSeason-output,< 1K
Predicate,https://schema.org/partOfSeries,10K - 100K
Predicate,https://schema.org/partOfSeries-input,< 1K
Predicate,https://schema.org/partOfSeries-output,< 1K
Predicate,https://schema.org/partOfSystem,< 1K
Predicate,https://schema.org/partOfSystem-input,< 1K
Predicate,https://schema.org/partOfSystem-output,< 1K
Predicate,https://schema.org/partOfTVSeries,< 1K
Predicate,https://schema.org/partOfTVSeries-input,< 1K
Predicate,https://schema.org/partOfTVSeries-output,< 1K
Predicate,https://schema.org/partOfTrip,< 1K
Predicate,https://schema.org/partOfTrip-input,< 1K
Predicate,https://schema.org/partOfTrip-output,< 1K
Predicate,https://schema.org/participant,1K - 10K
Predicate,https://schema.org/participant-input,< 1K
Predicate,https://schema.org/participant-output,< 1K
Predicate,https://schema.org/partySize,< 1K
Predicate,https://schema.org/partySize-input,< 1K
Predicate,https://schema.org/partySize-output,< 1K
Predicate,https://schema.org/passengerPriorityStatus,< 1K
Predicate,https://schema.org/passengerPriorityStatus-input,< 1K
Predicate,https://schema.org/passengerPriorityStatus-output,< 1K
Predicate,https://schema.org/passengerSequenceNumber,< 1K
Predicate,https://schema.org/passengerSequenceNumber-input,< 1K
Predicate,https://schema.org/passengerSequenceNumber-output,< 1K
Predicate,https://schema.org/pathophysiology,< 1K
Predicate,https://schema.org/pathophysiology-input,< 1K
Predicate,https://schema.org/pathophysiology-output,< 1K
Predicate,https://schema.org/pattern,1K - 10K
Predicate,https://schema.org/pattern-input,< 1K
Predicate,https://schema.org/pattern-output,< 1K
Predicate,https://schema.org/payload,1K - 10K
Predicate,https://schema.org/payload-input,< 1K
Predicate,https://schema.org/payload-output,< 1K
Predicate,https://schema.org/paymentAccepted,100K - 1M
Predicate,https://schema.org/paymentAccepted-input,< 1K
Predicate,https://schema.org/paymentAccepted-output,< 1K
Predicate,https://schema.org/paymentDue,< 1K
Predicate,https://schema.org/paymentDue-input,< 1K
Predicate,https://schema.org/paymentDue-output,< 1K
Predicate,https://schema.org/paymentDueDate,< 1K
Predicate,https://schema.org/paymentDueDate-input,< 1K
Predicate,https://schema.org/paymentDueDate-output,< 1K
Predicate,https://schema.org/paymentMethod,< 1K
Predicate,https://schema.org/paymentMethod-input,< 1K
Predicate,https://schema.org/paymentMethod-output,< 1K
Predicate,https://schema.org/paymentMethodId,< 1K
Predicate,https://schema.org/paymentMethodId-input,< 1K
Predicate,https://schema.org/paymentMethodId-output,< 1K
Predicate,https://schema.org/paymentMethodType,< 1K
Predicate,https://schema.org/paymentMethodType-input,< 1K
Predicate,https://schema.org/paymentMethodType-output,< 1K
Predicate,https://schema.org/paymentStatus,< 1K
Predicate,https://schema.org/paymentStatus-input,< 1K
Predicate,https://schema.org/paymentStatus-output,< 1K
Predicate,https://schema.org/paymentUrl,< 1K
Predicate,https://schema.org/paymentUrl-input,< 1K
Predicate,https://schema.org/paymentUrl-output,< 1K
Predicate,https://schema.org/penciler,< 1K
Predicate,https://schema.org/penciler-input,< 1K
Predicate,https://schema.org/penciler-output,< 1K
Predicate,https://schema.org/percentile10,1K - 10K
Predicate,https://schema.org/percentile10-input,< 1K
Predicate,https://schema.org/percentile10-output,< 1K
Predicate,https://schema.org/percentile25,1K - 10K
Predicate,https://schema.org/percentile25-input,< 1K
Predicate,https://schema.org/percentile25-output,< 1K
Predicate,https://schema.org/percentile75,1K - 10K
Predicate,https://schema.org/percentile75-input,< 1K
Predicate,https://schema.org/percentile75-output,< 1K
Predicate,https://schema.org/percentile90,1K - 10K
Predicate,https://schema.org/percentile90-input,< 1K
Predicate,https://schema.org/percentile90-output,< 1K
Predicate,https://schema.org/performTime,10K - 100K
Predicate,https://schema.org/performTime-input,< 1K
Predicate,https://schema.org/performTime-output,< 1K
Predicate,https://schema.org/performer,100K - 1M
Predicate,https://schema.org/performer-input,< 1K
Predicate,https://schema.org/performer-output,< 1K
Predicate,https://schema.org/performerIn,1K - 10K
Predicate,https://schema.org/performerIn-input,< 1K
Predicate,https://schema.org/performerIn-output,< 1K
Predicate,https://schema.org/performers,1K - 10K
Predicate,https://schema.org/performers-input,< 1K
Predicate,https://schema.org/performers-output,< 1K
Predicate,https://schema.org/permissionType,< 1K
Predicate,https://schema.org/permissionType-input,< 1K
Predicate,https://schema.org/permissionType-output,< 1K
Predicate,https://schema.org/permissions,10K - 100K
Predicate,https://schema.org/permissions-input,< 1K
Predicate,https://schema.org/permissions-output,< 1K
Predicate,https://schema.org/permitAudience,1K - 10K
Predicate,https://schema.org/permitAudience-input,< 1K
Predicate,https://schema.org/permitAudience-output,< 1K
Predicate,https://schema.org/permittedUsage,< 1K
Predicate,https://schema.org/permittedUsage-input,< 1K
Predicate,https://schema.org/permittedUsage-output,< 1K
Predicate,https://schema.org/petsAllowed,10K - 100K
Predicate,https://schema.org/petsAllowed-input,< 1K
Predicate,https://schema.org/petsAllowed-output,< 1K
Predicate,https://schema.org/phoneticText,< 1K
Predicate,https://schema.org/phoneticText-input,< 1K
Predicate,https://schema.org/phoneticText-output,< 1K
Predicate,https://schema.org/photo,10K - 100K
Predicate,https://schema.org/photo-input,< 1K
Predicate,https://schema.org/photo-output,< 1K
Predicate,https://schema.org/photos,10K - 100K
Predicate,https://schema.org/photos-input,< 1K
Predicate,https://schema.org/photos-output,< 1K
Predicate,https://schema.org/physicalRequirement,< 1K
Predicate,https://schema.org/physicalRequirement-input,< 1K
Predicate,https://schema.org/physicalRequirement-output,< 1K
Predicate,https://schema.org/physiologicalBenefits,< 1K
Predicate,https://schema.org/physiologicalBenefits-input,< 1K
Predicate,https://schema.org/physiologicalBenefits-output,< 1K
Predicate,https://schema.org/pickupLocation,< 1K
Predicate,https://schema.org/pickupLocation-input,< 1K
Predicate,https://schema.org/pickupLocation-output,< 1K
Predicate,https://schema.org/pickupTime,< 1K
Predicate,https://schema.org/pickupTime-input,< 1K
Predicate,https://schema.org/pickupTime-output,< 1K
Predicate,https://schema.org/playMode,10K - 100K
Predicate,https://schema.org/playMode-input,< 1K
Predicate,https://schema.org/playMode-output,< 1K
Predicate,https://schema.org/playerType,10K - 100K
Predicate,https://schema.org/playerType-input,< 1K
Predicate,https://schema.org/playerType-output,< 1K
Predicate,https://schema.org/playersOnline,1K - 10K
Predicate,https://schema.org/playersOnline-input,< 1K
Predicate,https://schema.org/playersOnline-output,< 1K
Predicate,https://schema.org/polygon,1K - 10K
Predicate,https://schema.org/polygon-input,< 1K
Predicate,https://schema.org/polygon-output,< 1K
Predicate,https://schema.org/populationType,< 1K
Predicate,https://schema.org/populationType-input,< 1K
Predicate,https://schema.org/populationType-output,< 1K
Predicate,https://schema.org/position,10M+
Predicate,https://schema.org/position-input,< 1K
Predicate,https://schema.org/position-output,< 1K
Predicate,https://schema.org/positiveNotes,10K - 100K
Predicate,https://schema.org/positiveNotes-input,< 1K
Predicate,https://schema.org/positiveNotes-output,< 1K
Predicate,https://schema.org/possibleComplication,1K - 10K
Predicate,https://schema.org/possibleComplication-input,< 1K
Predicate,https://schema.org/possibleComplication-output,< 1K
Predicate,https://schema.org/possibleTreatment,10K - 100K
Predicate,https://schema.org/possibleTreatment-input,< 1K
Predicate,https://schema.org/possibleTreatment-output,< 1K
Predicate,https://schema.org/postOfficeBoxNumber,10K - 100K
Predicate,https://schema.org/postOfficeBoxNumber-input,< 1K
Predicate,https://schema.org/postOfficeBoxNumber-output,< 1K
Predicate,https://schema.org/postOp,< 1K
Predicate,https://schema.org/postOp-input,< 1K
Predicate,https://schema.org/postOp-output,< 1K
Predicate,https://schema.org/postalCode,1M - 10M
Predicate,https://schema.org/postalCode-input,< 1K
Predicate,https://schema.org/postalCode-output,< 1K
Predicate,https://schema.org/postalCodeBegin,1K - 10K
Predicate,https://schema.org/postalCodeBegin-input,< 1K
Predicate,https://schema.org/postalCodeBegin-output,< 1K
Predicate,https://schema.org/postalCodeEnd,1K - 10K
Predicate,https://schema.org/postalCodeEnd-input,< 1K
Predicate,https://schema.org/postalCodeEnd-output,< 1K
Predicate,https://schema.org/postalCodePrefix,< 1K
Predicate,https://schema.org/postalCodePrefix-input,< 1K
Predicate,https://schema.org/postalCodePrefix-output,< 1K
Predicate,https://schema.org/postalCodeRange,1K - 10K
Predicate,https://schema.org/postalCodeRange-input,< 1K
Predicate,https://schema.org/postalCodeRange-output,< 1K
Predicate,https://schema.org/potentialAction,10M+
Predicate,https://schema.org/potentialAction-input,< 1K
Predicate,https://schema.org/potentialAction-output,< 1K
Predicate,https://schema.org/potentialUse,< 1K
Predicate,https://schema.org/potentialUse-input,< 1K
Predicate,https://schema.org/potentialUse-output,< 1K
Predicate,https://schema.org/practicesAt,1K - 10K
Predicate,https://schema.org/practicesAt-input,< 1K
Predicate,https://schema.org/practicesAt-output,< 1K
Predicate,https://schema.org/preOp,< 1K
Predicate,https://schema.org/preOp-input,< 1K
Predicate,https://schema.org/preOp-output,< 1K
Predicate,https://schema.org/predecessorOf,< 1K
Predicate,https://schema.org/predecessorOf-input,< 1K
Predicate,https://schema.org/predecessorOf-output,< 1K
Predicate,https://schema.org/pregnancyCategory,< 1K
Predicate,https://schema.org/pregnancyCategory-input,< 1K
Predicate,https://schema.org/pregnancyCategory-output,< 1K
Predicate,https://schema.org/pregnancyWarning,< 1K
Predicate,https://schema.org/pregnancyWarning-input,< 1K
Predicate,https://schema.org/pregnancyWarning-output,< 1K
Predicate,https://schema.org/prepTime,10K - 100K
Predicate,https://schema.org/prepTime-input,< 1K
Predicate,https://schema.org/prepTime-output,< 1K
Predicate,https://schema.org/preparation,1K - 10K
Predicate,https://schema.org/preparation-input,< 1K
Predicate,https://schema.org/preparation-output,< 1K
Predicate,https://schema.org/prescribingInfo,< 1K
Predicate,https://schema.org/prescribingInfo-input,< 1K
Predicate,https://schema.org/prescribingInfo-output,< 1K
Predicate,https://schema.org/prescriptionStatus,1K - 10K
Predicate,https://schema.org/prescriptionStatus-input,< 1K
Predicate,https://schema.org/prescriptionStatus-output,< 1K
Predicate,https://schema.org/previousItem,1M - 10M
Predicate,https://schema.org/previousItem-input,< 1K
Predicate,https://schema.org/previousItem-output,< 1K
Predicate,https://schema.org/previousStartDate,1K - 10K
Predicate,https://schema.org/previousStartDate-input,< 1K
Predicate,https://schema.org/previousStartDate-output,< 1K
Predicate,https://schema.org/price,10M+
Predicate,https://schema.org/price-input,< 1K
Predicate,https://schema.org/price-output,< 1K
Predicate,https://schema.org/priceComponent,1K - 10K
Predicate,https://schema.org/priceComponent-input,< 1K
Predicate,https://schema.org/priceComponent-output,< 1K
Predicate,https://schema.org/priceComponentType,< 1K
Predicate,https://schema.org/priceComponentType-input,< 1K
Predicate,https://schema.org/priceComponentType-output,< 1K
Predicate,https://schema.org/priceCurrency,10M+
Predicate,https://schema.org/priceCurrency-input,< 1K
Predicate,https://schema.org/priceCurrency-output,< 1K
Predicate,https://schema.org/priceRange,1M - 10M
Predicate,https://schema.org/priceRange-input,< 1K
Predicate,https://schema.org/priceRange-output,< 1K
Predicate,https://schema.org/priceSpecification,1M - 10M
Predicate,https://schema.org/priceSpecification-input,< 1K
Predicate,https://schema.org/priceSpecification-output,< 1K
Predicate,https://schema.org/priceType,100K - 1M
Predicate,https://schema.org/priceType-input,< 1K
Predicate,https://schema.org/priceType-output,< 1K
Predicate,https://schema.org/priceValidUntil,1M - 10M
Predicate,https://schema.org/priceValidUntil-input,< 1K
Predicate,https://schema.org/priceValidUntil-output,< 1K
Predicate,https://schema.org/primaryImageOfPage,10M+
Predicate,https://schema.org/primaryImageOfPage-input,< 1K
Predicate,https://schema.org/primaryImageOfPage-output,< 1K
Predicate,https://schema.org/primaryPrevention,< 1K
Predicate,https://schema.org/primaryPrevention-input,< 1K
Predicate,https://schema.org/primaryPrevention-output,< 1K
Predicate,https://schema.org/printColumn,< 1K
Predicate,https://schema.org/printColumn-input,< 1K
Predicate,https://schema.org/printColumn-output,< 1K
Predicate,https://schema.org/printEdition,< 1K
Predicate,https://schema.org/printEdition-input,< 1K
Predicate,https://schema.org/printEdition-output,< 1K
Predicate,https://schema.org/printPage,< 1K
Predicate,https://schema.org/printPage-input,< 1K
Predicate,https://schema.org/printPage-output,< 1K
Predicate,https://schema.org/printSection,< 1K
Predicate,https://schema.org/printSection-input,< 1K
Predicate,https://schema.org/printSection-output,< 1K
Predicate,https://schema.org/procedure,< 1K
Predicate,https://schema.org/procedure-input,< 1K
Predicate,https://schema.org/procedure-output,< 1K
Predicate,https://schema.org/procedureType,10K - 100K
Predicate,https://schema.org/procedureType-input,< 1K
Predicate,https://schema.org/procedureType-output,< 1K
Predicate,https://schema.org/processingTime,< 1K
Predicate,https://schema.org/processingTime-input,< 1K
Predicate,https://schema.org/processingTime-output,< 1K
Predicate,https://schema.org/processorRequirements,1K - 10K
Predicate,https://schema.org/processorRequirements-input,< 1K
Predicate,https://schema.org/processorRequirements-output,< 1K
Predicate,https://schema.org/producer,1K - 10K
Predicate,https://schema.org/producer-input,< 1K
Predicate,https://schema.org/producer-output,< 1K
Predicate,https://schema.org/produces,< 1K
Predicate,https://schema.org/produces-input,< 1K
Predicate,https://schema.org/produces-output,< 1K
Predicate,https://schema.org/productGroupID,100K - 1M
Predicate,https://schema.org/productGroupID-input,< 1K
Predicate,https://schema.org/productGroupID-output,< 1K
Predicate,https://schema.org/productID,100K - 1M
Predicate,https://schema.org/productID-input,< 1K
Predicate,https://schema.org/productID-output,< 1K
Predicate,https://schema.org/productReturnDays,< 1K
Predicate,https://schema.org/productReturnDays-input,< 1K
Predicate,https://schema.org/productReturnDays-output,< 1K
Predicate,https://schema.org/productReturnLink,< 1K
Predicate,https://schema.org/productReturnLink-input,< 1K
Predicate,https://schema.org/productReturnLink-output,< 1K
Predicate,https://schema.org/productSupported,1K - 10K
Predicate,https://schema.org/productSupported-input,< 1K
Predicate,https://schema.org/productSupported-output,< 1K
Predicate,https://schema.org/productionCompany,1K - 10K
Predicate,https://schema.org/productionCompany-input,< 1K
Predicate,https://schema.org/productionCompany-output,< 1K
Predicate,https://schema.org/productionDate,10K - 100K
Predicate,https://schema.org/productionDate-input,< 1K
Predicate,https://schema.org/productionDate-output,< 1K
Predicate,https://schema.org/proficiencyLevel,10K - 100K
Predicate,https://schema.org/proficiencyLevel-input,< 1K
Predicate,https://schema.org/proficiencyLevel-output,< 1K
Predicate,https://schema.org/program,< 1K
Predicate,https://schema.org/program-input,< 1K
Predicate,https://schema.org/program-output,< 1K
Predicate,https://schema.org/programMembershipUsed,< 1K
Predicate,https://schema.org/programMembershipUsed-input,< 1K
Predicate,https://schema.org/programMembershipUsed-output,< 1K
Predicate,https://schema.org/programName,1K - 10K
Predicate,https://schema.org/programName-input,< 1K
Predicate,https://schema.org/programName-output,< 1K
Predicate,https://schema.org/programPrerequisites,1K - 10K
Predicate,https://schema.org/programPrerequisites-input,< 1K
Predicate,https://schema.org/programPrerequisites-output,< 1K
Predicate,https://schema.org/programType,1K - 10K
Predicate,https://schema.org/programType-input,< 1K
Predicate,https://schema.org/programType-output,< 1K
Predicate,https://schema.org/programmingLanguage,1K - 10K
Predicate,https://schema.org/programmingLanguage-input,< 1K
Predicate,https://schema.org/programmingLanguage-output,< 1K
Predicate,https://schema.org/programmingModel,< 1K
Predicate,https://schema.org/programmingModel-input,< 1K
Predicate,https://schema.org/programmingModel-output,< 1K
Predicate,https://schema.org/pronouns,1K - 10K
Predicate,https://schema.org/pronouns-input,< 1K
Predicate,https://schema.org/pronouns-output,< 1K
Predicate,https://schema.org/propertyID,100K - 1M
Predicate,https://schema.org/propertyID-input,< 1K
Predicate,https://schema.org/propertyID-output,< 1K
Predicate,https://schema.org/proprietaryName,< 1K
Predicate,https://schema.org/proprietaryName-input,< 1K
Predicate,https://schema.org/proprietaryName-output,< 1K
Predicate,https://schema.org/proteinContent,10K - 100K
Predicate,https://schema.org/proteinContent-input,< 1K
Predicate,https://schema.org/proteinContent-output,< 1K
Predicate,https://schema.org/provider,1M - 10M
Predicate,https://schema.org/provider-input,< 1K
Predicate,https://schema.org/provider-output,< 1K
Predicate,https://schema.org/providerMobility,1K - 10K
Predicate,https://schema.org/providerMobility-input,< 1K
Predicate,https://schema.org/providerMobility-output,< 1K
Predicate,https://schema.org/providesBroadcastService,< 1K
Predicate,https://schema.org/providesBroadcastService-input,< 1K
Predicate,https://schema.org/providesBroadcastService-output,< 1K
Predicate,https://schema.org/providesService,< 1K
Predicate,https://schema.org/providesService-input,< 1K
Predicate,https://schema.org/providesService-output,< 1K
Predicate,https://schema.org/publicAccess,10K - 100K
Predicate,https://schema.org/publicAccess-input,< 1K
Predicate,https://schema.org/publicAccess-output,< 1K
Predicate,https://schema.org/publicTransportClosuresInfo,< 1K
Predicate,https://schema.org/publicTransportClosuresInfo-input,< 1K
Predicate,https://schema.org/publicTransportClosuresInfo-output,< 1K
Predicate,https://schema.org/publication,1K - 10K
Predicate,https://schema.org/publication-input,< 1K
Predicate,https://schema.org/publication-output,< 1K
Predicate,https://schema.org/publicationType,< 1K
Predicate,https://schema.org/publicationType-input,< 1K
Predicate,https://schema.org/publicationType-output,< 1K
Predicate,https://schema.org/publishedBy,< 1K
Predicate,https://schema.org/publishedBy-input,< 1K
Predicate,https://schema.org/publishedBy-output,< 1K
Predicate,https://schema.org/publishedOn,1K - 10K
Predicate,https://schema.org/publishedOn-input,< 1K
Predicate,https://schema.org/publishedOn-output,< 1K
Predicate,https://schema.org/publisher,10M+
Predicate,https://schema.org/publisher-input,< 1K
Predicate,https://schema.org/publisher-output,< 1K
Predicate,https://schema.org/publisherImprint,< 1K
Predicate,https://schema.org/publisherImprint-input,< 1K
Predicate,https://schema.org/publisherImprint-output,< 1K
Predicate,https://schema.org/publishingPrinciples,10K - 100K
Predicate,https://schema.org/publishingPrinciples-input,< 1K
Predicate,https://schema.org/publishingPrinciples-output,< 1K
Predicate,https://schema.org/purchaseDate,1K - 10K
Predicate,https://schema.org/purchaseDate-input,< 1K
Predicate,https://schema.org/purchaseDate-output,< 1K
Predicate,https://schema.org/purchasePriceLimit,< 1K
Predicate,https://schema.org/purchasePriceLimit-input,< 1K
Predicate,https://schema.org/purchasePriceLimit-output,< 1K
Predicate,https://schema.org/purchaseType,< 1K
Predicate,https://schema.org/purchaseType-input,< 1K
Predicate,https://schema.org/purchaseType-output,< 1K
Predicate,https://schema.org/qualifications,10K - 100K
Predicate,https://schema.org/qualifications-input,< 1K
Predicate,https://schema.org/qualifications-output,< 1K
Predicate,https://schema.org/qualifiedExpense,< 1K
Predicate,https://schema.org/qualifiedExpense-input,< 1K
Predicate,https://schema.org/qualifiedExpense-output,< 1K
Predicate,https://schema.org/quarantineGuidelines,< 1K
Predicate,https://schema.org/quarantineGuidelines-input,< 1K
Predicate,https://schema.org/quarantineGuidelines-output,< 1K
Predicate,https://schema.org/query,10K - 100K
Predicate,https://schema.org/query-input,10M+
Predicate,https://schema.org/query-output,< 1K
Predicate,https://schema.org/quest,< 1K
Predicate,https://schema.org/quest-input,< 1K
Predicate,https://schema.org/quest-output,< 1K
Predicate,https://schema.org/question,1K - 10K
Predicate,https://schema.org/question-input,< 1K
Predicate,https://schema.org/question-output,< 1K
Predicate,https://schema.org/rangeIncludes,< 1K
Predicate,https://schema.org/rangeIncludes-input,< 1K
Predicate,https://schema.org/rangeIncludes-output,< 1K
Predicate,https://schema.org/ratingCount,1M - 10M
Predicate,https://schema.org/ratingCount-input,< 1K
Predicate,https://schema.org/ratingCount-output,< 1K
Predicate,https://schema.org/ratingExplanation,1K - 10K
Predicate,https://schema.org/ratingExplanation-input,< 1K
Predicate,https://schema.org/ratingExplanation-output,< 1K
Predicate,https://schema.org/ratingValue,1M - 10M
Predicate,https://schema.org/ratingValue-input,< 1K
Predicate,https://schema.org/ratingValue-output,< 1K
Predicate,https://schema.org/readBy,< 1K
Predicate,https://schema.org/readBy-input,< 1K
Predicate,https://schema.org/readBy-output,< 1K
Predicate,https://schema.org/readonlyValue,< 1K
Predicate,https://schema.org/readonlyValue-input,< 1K
Predicate,https://schema.org/readonlyValue-output,< 1K
Predicate,https://schema.org/realEstateAgent,< 1K
Predicate,https://schema.org/realEstateAgent-input,< 1K
Predicate,https://schema.org/realEstateAgent-output,< 1K
Predicate,https://schema.org/recipe,< 1K
Predicate,https://schema.org/recipe-input,< 1K
Predicate,https://schema.org/recipe-output,< 1K
Predicate,https://schema.org/recipeCategory,10K - 100K
Predicate,https://schema.org/recipeCategory-input,< 1K
Predicate,https://schema.org/recipeCategory-output,< 1K
Predicate,https://schema.org/recipeCuisine,10K - 100K
Predicate,https://schema.org/recipeCuisine-input,< 1K
Predicate,https://schema.org/recipeCuisine-output,< 1K
Predicate,https://schema.org/recipeIngredient,10K - 100K
Predicate,https://schema.org/recipeIngredient-input,< 1K
Predicate,https://schema.org/recipeIngredient-output,< 1K
Predicate,https://schema.org/recipeInstructions,10K - 100K
Predicate,https://schema.org/recipeInstructions-input,< 1K
Predicate,https://schema.org/recipeInstructions-output,< 1K
Predicate,https://schema.org/recipeYield,10K - 100K
Predicate,https://schema.org/recipeYield-input,< 1K
Predicate,https://schema.org/recipeYield-output,< 1K
Predicate,https://schema.org/recipient,10K - 100K
Predicate,https://schema.org/recipient-input,< 1K
Predicate,https://schema.org/recipient-output,< 1K
Predicate,https://schema.org/recognizedBy,10K - 100K
Predicate,https://schema.org/recognizedBy-input,< 1K
Predicate,https://schema.org/recognizedBy-output,< 1K
Predicate,https://schema.org/recognizingAuthority,1K - 10K
Predicate,https://schema.org/recognizingAuthority-input,< 1K
Predicate,https://schema.org/recognizingAuthority-output,< 1K
Predicate,https://schema.org/recommendationStrength,< 1K
Predicate,https://schema.org/recommendationStrength-input,< 1K
Predicate,https://schema.org/recommendationStrength-output,< 1K
Predicate,https://schema.org/recommendedIntake,< 1K
Predicate,https://schema.org/recommendedIntake-input,< 1K
Predicate,https://schema.org/recommendedIntake-output,< 1K
Predicate,https://schema.org/recordLabel,1K - 10K
Predicate,https://schema.org/recordLabel-input,< 1K
Predicate,https://schema.org/recordLabel-output,< 1K
Predicate,https://schema.org/recordedAs,< 1K
Predicate,https://schema.org/recordedAs-input,< 1K
Predicate,https://schema.org/recordedAs-output,< 1K
Predicate,https://schema.org/recordedAt,< 1K
Predicate,https://schema.org/recordedAt-input,< 1K
Predicate,https://schema.org/recordedAt-output,< 1K
Predicate,https://schema.org/recordedIn,< 1K
Predicate,https://schema.org/recordedIn-input,< 1K
Predicate,https://schema.org/recordedIn-output,< 1K
Predicate,https://schema.org/recordingOf,1K - 10K
Predicate,https://schema.org/recordingOf-input,< 1K
Predicate,https://schema.org/recordingOf-output,< 1K
Predicate,https://schema.org/recourseLoan,< 1K
Predicate,https://schema.org/recourseLoan-input,< 1K
Predicate,https://schema.org/recourseLoan-output,< 1K
Predicate,https://schema.org/referee,< 1K
Predicate,https://schema.org/referee-input,< 1K
Predicate,https://schema.org/referee-output,< 1K
Predicate,https://schema.org/referenceQuantity,1M - 10M
Predicate,https://schema.org/referenceQuantity-input,< 1K
Predicate,https://schema.org/referenceQuantity-output,< 1K
Predicate,https://schema.org/referencesOrder,< 1K
Predicate,https://schema.org/referencesOrder-input,< 1K
Predicate,https://schema.org/referencesOrder-output,< 1K
Predicate,https://schema.org/refundType,10K - 100K
Predicate,https://schema.org/refundType-input,< 1K
Predicate,https://schema.org/refundType-output,< 1K
Predicate,https://schema.org/regionDrained,< 1K
Predicate,https://schema.org/regionDrained-input,< 1K
Predicate,https://schema.org/regionDrained-output,< 1K
Predicate,https://schema.org/regionsAllowed,10K - 100K
Predicate,https://schema.org/regionsAllowed-input,< 1K
Predicate,https://schema.org/regionsAllowed-output,< 1K
Predicate,https://schema.org/relatedAnatomy,< 1K
Predicate,https://schema.org/relatedAnatomy-input,< 1K
Predicate,https://schema.org/relatedAnatomy-output,< 1K
Predicate,https://schema.org/relatedCondition,< 1K
Predicate,https://schema.org/relatedCondition-input,< 1K
Predicate,https://schema.org/relatedCondition-output,< 1K
Predicate,https://schema.org/relatedDrug,< 1K
Predicate,https://schema.org/relatedDrug-input,< 1K
Predicate,https://schema.org/relatedDrug-output,< 1K
Predicate,https://schema.org/relatedLink,10K - 100K
Predicate,https://schema.org/relatedLink-input,< 1K
Predicate,https://schema.org/relatedLink-output,< 1K
Predicate,https://schema.org/relatedStructure,< 1K
Predicate,https://schema.org/relatedStructure-input,< 1K
Predicate,https://schema.org/relatedStructure-output,< 1K
Predicate,https://schema.org/relatedTherapy,< 1K
Predicate,https://schema.org/relatedTherapy-input,< 1K
Predicate,https://schema.org/relatedTherapy-output,< 1K
Predicate,https://schema.org/relatedTo,< 1K
Predicate,https://schema.org/relatedTo-input,< 1K
Predicate,https://schema.org/relatedTo-output,< 1K
Predicate,https://schema.org/releaseDate,10K - 100K
Predicate,https://schema.org/releaseDate-input,< 1K
Predicate,https://schema.org/releaseDate-output,< 1K
Predicate,https://schema.org/releaseNotes,10K - 100K
Predicate,https://schema.org/releaseNotes-input,< 1K
Predicate,https://schema.org/releaseNotes-output,< 1K
Predicate,https://schema.org/releaseOf,< 1K
Predicate,https://schema.org/releaseOf-input,< 1K
Predicate,https://schema.org/releaseOf-output,< 1K
Predicate,https://schema.org/releasedEvent,1K - 10K
Predicate,https://schema.org/releasedEvent-input,< 1K
Predicate,https://schema.org/releasedEvent-output,< 1K
Predicate,https://schema.org/relevantOccupation,< 1K
Predicate,https://schema.org/relevantOccupation-input,< 1K
Predicate,https://schema.org/relevantOccupation-output,< 1K
Predicate,https://schema.org/relevantSpecialty,10K - 100K
Predicate,https://schema.org/relevantSpecialty-input,< 1K
Predicate,https://schema.org/relevantSpecialty-output,< 1K
Predicate,https://schema.org/remainingAttendeeCapacity,1K - 10K
Predicate,https://schema.org/remainingAttendeeCapacity-input,< 1K
Predicate,https://schema.org/remainingAttendeeCapacity-output,< 1K
Predicate,https://schema.org/renegotiableLoan,< 1K
Predicate,https://schema.org/renegotiableLoan-input,< 1K
Predicate,https://schema.org/renegotiableLoan-output,< 1K
Predicate,https://schema.org/repeatCount,1K - 10K
Predicate,https://schema.org/repeatCount-input,< 1K
Predicate,https://schema.org/repeatCount-output,< 1K
Predicate,https://schema.org/repeatFrequency,10K - 100K
Predicate,https://schema.org/repeatFrequency-input,< 1K
Predicate,https://schema.org/repeatFrequency-output,< 1K
Predicate,https://schema.org/repetitions,< 1K
Predicate,https://schema.org/repetitions-input,< 1K
Predicate,https://schema.org/repetitions-output,< 1K
Predicate,https://schema.org/replacee,< 1K
Predicate,https://schema.org/replacee-input,< 1K
Predicate,https://schema.org/replacee-output,< 1K
Predicate,https://schema.org/replacer,< 1K
Predicate,https://schema.org/replacer-input,< 1K
Predicate,https://schema.org/replacer-output,< 1K
Predicate,https://schema.org/replyToUrl,1K - 10K
Predicate,https://schema.org/replyToUrl-input,< 1K
Predicate,https://schema.org/replyToUrl-output,< 1K
Predicate,https://schema.org/reportNumber,< 1K
Predicate,https://schema.org/reportNumber-input,< 1K
Predicate,https://schema.org/reportNumber-output,< 1K
Predicate,https://schema.org/representativeOfPage,100K - 1M
Predicate,https://schema.org/representativeOfPage-input,< 1K
Predicate,https://schema.org/representativeOfPage-output,< 1K
Predicate,https://schema.org/requiredCollateral,< 1K
Predicate,https://schema.org/requiredCollateral-input,< 1K
Predicate,https://schema.org/requiredCollateral-output,< 1K
Predicate,https://schema.org/requiredGender,< 1K
Predicate,https://schema.org/requiredGender-input,< 1K
Predicate,https://schema.org/requiredGender-output,< 1K
Predicate,https://schema.org/requiredMaxAge,< 1K
Predicate,https://schema.org/requiredMaxAge-input,< 1K
Predicate,https://schema.org/requiredMaxAge-output,< 1K
Predicate,https://schema.org/requiredMinAge,1K - 10K
Predicate,https://schema.org/requiredMinAge-input,< 1K
Predicate,https://schema.org/requiredMinAge-output,< 1K
Predicate,https://schema.org/requiredQuantity,1K - 10K
Predicate,https://schema.org/requiredQuantity-input,< 1K
Predicate,https://schema.org/requiredQuantity-output,< 1K
Predicate,https://schema.org/requirements,1K - 10K
Predicate,https://schema.org/requirements-input,< 1K
Predicate,https://schema.org/requirements-output,< 1K
Predicate,https://schema.org/requiresSubscription,1K - 10K
Predicate,https://schema.org/requiresSubscription-input,< 1K
Predicate,https://schema.org/requiresSubscription-output,< 1K
Predicate,https://schema.org/reservationFor,1K - 10K
Predicate,https://schema.org/reservationFor-input,< 1K
Predicate,https://schema.org/reservationFor-output,< 1K
Predicate,https://schema.org/reservationId,< 1K
Predicate,https://schema.org/reservationId-input,< 1K
Predicate,https://schema.org/reservationId-output,< 1K
Predicate,https://schema.org/reservationStatus,< 1K
Predicate,https://schema.org/reservationStatus-input,< 1K
Predicate,https://schema.org/reservationStatus-output,< 1K
Predicate,https://schema.org/reservedTicket,< 1K
Predicate,https://schema.org/reservedTicket-input,< 1K
Predicate,https://schema.org/reservedTicket-output,< 1K
Predicate,https://schema.org/responsibilities,10K - 100K
Predicate,https://schema.org/responsibilities-input,< 1K
Predicate,https://schema.org/responsibilities-output,< 1K
Predicate,https://schema.org/restPeriods,< 1K
Predicate,https://schema.org/restPeriods-input,< 1K
Predicate,https://schema.org/restPeriods-output,< 1K
Predicate,https://schema.org/restockingFee,1K - 10K
Predicate,https://schema.org/restockingFee-input,< 1K
Predicate,https://schema.org/restockingFee-output,< 1K
Predicate,https://schema.org/result,10K - 100K
Predicate,https://schema.org/result-input,< 1K
Predicate,https://schema.org/result-output,< 1K
Predicate,https://schema.org/resultComment,< 1K
Predicate,https://schema.org/resultComment-input,< 1K
Predicate,https://schema.org/resultComment-output,< 1K
Predicate,https://schema.org/resultReview,< 1K
Predicate,https://schema.org/resultReview-input,< 1K
Predicate,https://schema.org/resultReview-output,< 1K
Predicate,https://schema.org/returnFees,100K - 1M
Predicate,https://schema.org/returnFees-input,< 1K
Predicate,https://schema.org/returnFees-output,< 1K
Predicate,https://schema.org/returnLabelSource,1K - 10K
Predicate,https://schema.org/returnLabelSource-input,< 1K
Predicate,https://schema.org/returnLabelSource-output,< 1K
Predicate,https://schema.org/returnMethod,100K - 1M
Predicate,https://schema.org/returnMethod-input,< 1K
Predicate,https://schema.org/returnMethod-output,< 1K
Predicate,https://schema.org/returnPolicyCategory,100K - 1M
Predicate,https://schema.org/returnPolicyCategory-input,< 1K
Predicate,https://schema.org/returnPolicyCategory-output,< 1K
Predicate,https://schema.org/returnPolicyCountry,10K - 100K
Predicate,https://schema.org/returnPolicyCountry-input,< 1K
Predicate,https://schema.org/returnPolicyCountry-output,< 1K
Predicate,https://schema.org/returnPolicySeasonalOverride,1K - 10K
Predicate,https://schema.org/returnPolicySeasonalOverride-input,< 1K
Predicate,https://schema.org/returnPolicySeasonalOverride-output,< 1K
Predicate,https://schema.org/returnShippingFeesAmount,10K - 100K
Predicate,https://schema.org/returnShippingFeesAmount-input,< 1K
Predicate,https://schema.org/returnShippingFeesAmount-output,< 1K
Predicate,https://schema.org/review,1M - 10M
Predicate,https://schema.org/review-input,< 1K
Predicate,https://schema.org/review-output,< 1K
Predicate,https://schema.org/reviewAspect,10K - 100K
Predicate,https://schema.org/reviewAspect-input,< 1K
Predicate,https://schema.org/reviewAspect-output,< 1K
Predicate,https://schema.org/reviewBody,1M - 10M
Predicate,https://schema.org/reviewBody-input,< 1K
Predicate,https://schema.org/reviewBody-output,< 1K
Predicate,https://schema.org/reviewCount,1M - 10M
Predicate,https://schema.org/reviewCount-input,< 1K
Predicate,https://schema.org/reviewCount-output,< 1K
Predicate,https://schema.org/reviewRating,1M - 10M
Predicate,https://schema.org/reviewRating-input,< 1K
Predicate,https://schema.org/reviewRating-output,< 1K
Predicate,https://schema.org/reviewedBy,10K - 100K
Predicate,https://schema.org/reviewedBy-input,< 1K
Predicate,https://schema.org/reviewedBy-output,< 1K
Predicate,https://schema.org/reviews,1K - 10K
Predicate,https://schema.org/reviews-input,< 1K
Predicate,https://schema.org/reviews-output,< 1K
Predicate,https://schema.org/riskFactor,1K - 10K
Predicate,https://schema.org/riskFactor-input,< 1K
Predicate,https://schema.org/riskFactor-output,< 1K
Predicate,https://schema.org/risks,< 1K
Predicate,https://schema.org/risks-input,< 1K
Predicate,https://schema.org/risks-output,< 1K
Predicate,https://schema.org/roleName,10K - 100K
Predicate,https://schema.org/roleName-input,< 1K
Predicate,https://schema.org/roleName-output,< 1K
Predicate,https://schema.org/roofLoad,< 1K
Predicate,https://schema.org/roofLoad-input,< 1K
Predicate,https://schema.org/roofLoad-output,< 1K
Predicate,https://schema.org/rsvpResponse,< 1K
Predicate,https://schema.org/rsvpResponse-input,< 1K
Predicate,https://schema.org/rsvpResponse-output,< 1K
Predicate,https://schema.org/runsTo,< 1K
Predicate,https://schema.org/runsTo-input,< 1K
Predicate,https://schema.org/runsTo-output,< 1K
Predicate,https://schema.org/runtime,< 1K
Predicate,https://schema.org/runtime-input,< 1K
Predicate,https://schema.org/runtime-output,< 1K
Predicate,https://schema.org/runtimePlatform,1K - 10K
Predicate,https://schema.org/runtimePlatform-input,< 1K
Predicate,https://schema.org/runtimePlatform-output,< 1K
Predicate,https://schema.org/rxcui,< 1K
Predicate,https://schema.org/rxcui-input,< 1K
Predicate,https://schema.org/rxcui-output,< 1K
Predicate,https://schema.org/safetyConsideration,< 1K
Predicate,https://schema.org/safetyConsideration-input,< 1K
Predicate,https://schema.org/safetyConsideration-output,< 1K
Predicate,https://schema.org/salaryCurrency,1K - 10K
Predicate,https://schema.org/salaryCurrency-input,< 1K
Predicate,https://schema.org/salaryCurrency-output,< 1K
Predicate,https://schema.org/salaryUponCompletion,< 1K
Predicate,https://schema.org/salaryUponCompletion-input,< 1K
Predicate,https://schema.org/salaryUponCompletion-output,< 1K
Predicate,https://schema.org/sameAs,10M+
Predicate,https://schema.org/sameAs-input,< 1K
Predicate,https://schema.org/sameAs-output,< 1K
Predicate,https://schema.org/sampleType,< 1K
Predicate,https://schema.org/sampleType-input,< 1K
Predicate,https://schema.org/sampleType-output,< 1K
Predicate,https://schema.org/saturatedFatContent,10K - 100K
Predicate,https://schema.org/saturatedFatContent-input,< 1K
Predicate,https://schema.org/saturatedFatContent-output,< 1K
Predicate,https://schema.org/scheduleTimezone,1K - 10K
Predicate,https://schema.org/scheduleTimezone-input,< 1K
Predicate,https://schema.org/scheduleTimezone-output,< 1K
Predicate,https://schema.org/scheduledPaymentDate,< 1K
Predicate,https://schema.org/scheduledPaymentDate-input,< 1K
Predicate,https://schema.org/scheduledPaymentDate-output,< 1K
Predicate,https://schema.org/scheduledTime,< 1K
Predicate,https://schema.org/scheduledTime-input,< 1K
Predicate,https://schema.org/scheduledTime-output,< 1K
Predicate,https://schema.org/schemaVersion,< 1K
Predicate,https://schema.org/schemaVersion-input,< 1K
Predicate,https://schema.org/schemaVersion-output,< 1K
Predicate,https://schema.org/schoolClosuresInfo,< 1K
Predicate,https://schema.org/schoolClosuresInfo-input,< 1K
Predicate,https://schema.org/schoolClosuresInfo-output,< 1K
Predicate,https://schema.org/screenCount,< 1K
Predicate,https://schema.org/screenCount-input,< 1K
Predicate,https://schema.org/screenCount-output,< 1K
Predicate,https://schema.org/screenshot,100K - 1M
Predicate,https://schema.org/screenshot-input,< 1K
Predicate,https://schema.org/screenshot-output,< 1K
Predicate,https://schema.org/sdDatePublished,1K - 10K
Predicate,https://schema.org/sdDatePublished-input,< 1K
Predicate,https://schema.org/sdDatePublished-output,< 1K
Predicate,https://schema.org/sdLicense,< 1K
Predicate,https://schema.org/sdLicense-input,< 1K
Predicate,https://schema.org/sdLicense-output,< 1K
Predicate,https://schema.org/sdPublisher,1K - 10K
Predicate,https://schema.org/sdPublisher-input,< 1K
Predicate,https://schema.org/sdPublisher-output,< 1K
Predicate,https://schema.org/season,1K - 10K
Predicate,https://schema.org/season-input,< 1K
Predicate,https://schema.org/season-output,< 1K
Predicate,https://schema.org/seasonNumber,10K - 100K
Predicate,https://schema.org/seasonNumber-input,< 1K
Predicate,https://schema.org/seasonNumber-output,< 1K
Predicate,https://schema.org/seasonalOverride,< 1K
Predicate,https://schema.org/seasonalOverride-input,< 1K
Predicate,https://schema.org/seasonalOverride-output,< 1K
Predicate,https://schema.org/seasons,< 1K
Predicate,https://schema.org/seasons-input,< 1K
Predicate,https://schema.org/seasons-output,< 1K
Predicate,https://schema.org/seatNumber,< 1K
Predicate,https://schema.org/seatNumber-input,< 1K
Predicate,https://schema.org/seatNumber-output,< 1K
Predicate,https://schema.org/seatRow,< 1K
Predicate,https://schema.org/seatRow-input,< 1K
Predicate,https://schema.org/seatRow-output,< 1K
Predicate,https://schema.org/seatSection,< 1K
Predicate,https://schema.org/seatSection-input,< 1K
Predicate,https://schema.org/seatSection-output,< 1K
Predicate,https://schema.org/seatingCapacity,1K - 10K
Predicate,https://schema.org/seatingCapacity-input,< 1K
Predicate,https://schema.org/seatingCapacity-output,< 1K
Predicate,https://schema.org/seatingType,< 1K
Predicate,https://schema.org/seatingType-input,< 1K
Predicate,https://schema.org/seatingType-output,< 1K
Predicate,https://schema.org/secondaryPrevention,< 1K
Predicate,https://schema.org/secondaryPrevention-input,< 1K
Predicate,https://schema.org/secondaryPrevention-output,< 1K
Predicate,https://schema.org/securityClearanceRequirement,< 1K
Predicate,https://schema.org/securityClearanceRequirement-input,< 1K
Predicate,https://schema.org/securityClearanceRequirement-output,< 1K
Predicate,https://schema.org/securityScreening,< 1K
Predicate,https://schema.org/securityScreening-input,< 1K
Predicate,https://schema.org/securityScreening-output,< 1K
Predicate,https://schema.org/seeks,1K - 10K
Predicate,https://schema.org/seeks-input,< 1K
Predicate,https://schema.org/seeks-output,< 1K
Predicate,https://schema.org/seller,1M - 10M
Predicate,https://schema.org/seller-input,< 1K
Predicate,https://schema.org/seller-output,< 1K
Predicate,https://schema.org/sender,< 1K
Predicate,https://schema.org/sender-input,< 1K
Predicate,https://schema.org/sender-output,< 1K
Predicate,https://schema.org/sensoryRequirement,< 1K
Predicate,https://schema.org/sensoryRequirement-input,< 1K
Predicate,https://schema.org/sensoryRequirement-output,< 1K
Predicate,https://schema.org/sensoryUnit,< 1K
Predicate,https://schema.org/sensoryUnit-input,< 1K
Predicate,https://schema.org/sensoryUnit-output,< 1K
Predicate,https://schema.org/serialNumber,10K - 100K
Predicate,https://schema.org/serialNumber-input,< 1K
Predicate,https://schema.org/serialNumber-output,< 1K
Predicate,https://schema.org/seriousAdverseOutcome,< 1K
Predicate,https://schema.org/seriousAdverseOutcome-input,< 1K
Predicate,https://schema.org/seriousAdverseOutcome-output,< 1K
Predicate,https://schema.org/serverStatus,< 1K
Predicate,https://schema.org/serverStatus-input,< 1K
Predicate,https://schema.org/serverStatus-output,< 1K
Predicate,https://schema.org/servesCuisine,100K - 1M
Predicate,https://schema.org/servesCuisine-input,< 1K
Predicate,https://schema.org/servesCuisine-output,< 1K
Predicate,https://schema.org/serviceArea,100K - 1M
Predicate,https://schema.org/serviceArea-input,< 1K
Predicate,https://schema.org/serviceArea-output,< 1K
Predicate,https://schema.org/serviceAudience,1K - 10K
Predicate,https://schema.org/serviceAudience-input,< 1K
Predicate,https://schema.org/serviceAudience-output,< 1K
Predicate,https://schema.org/serviceLocation,10K - 100K
Predicate,https://schema.org/serviceLocation-input,< 1K
Predicate,https://schema.org/serviceLocation-output,< 1K
Predicate,https://schema.org/serviceOperator,1K - 10K
Predicate,https://schema.org/serviceOperator-input,< 1K
Predicate,https://schema.org/serviceOperator-output,< 1K
Predicate,https://schema.org/serviceOutput,10K - 100K
Predicate,https://schema.org/serviceOutput-input,< 1K
Predicate,https://schema.org/serviceOutput-output,< 1K
Predicate,https://schema.org/servicePhone,10K - 100K
Predicate,https://schema.org/servicePhone-input,< 1K
Predicate,https://schema.org/servicePhone-output,< 1K
Predicate,https://schema.org/servicePostalAddress,< 1K
Predicate,https://schema.org/servicePostalAddress-input,< 1K
Predicate,https://schema.org/servicePostalAddress-output,< 1K
Predicate,https://schema.org/serviceSmsNumber,1K - 10K
Predicate,https://schema.org/serviceSmsNumber-input,< 1K
Predicate,https://schema.org/serviceSmsNumber-output,< 1K
Predicate,https://schema.org/serviceType,1M - 10M
Predicate,https://schema.org/serviceType-input,< 1K
Predicate,https://schema.org/serviceType-output,< 1K
Predicate,https://schema.org/serviceUrl,10K - 100K
Predicate,https://schema.org/serviceUrl-input,< 1K
Predicate,https://schema.org/serviceUrl-output,< 1K
Predicate,https://schema.org/servingSize,10K - 100K
Predicate,https://schema.org/servingSize-input,< 1K
Predicate,https://schema.org/servingSize-output,< 1K
Predicate,https://schema.org/sha256,< 1K
Predicate,https://schema.org/sha256-input,< 1K
Predicate,https://schema.org/sha256-output,< 1K
Predicate,https://schema.org/sharedContent,1K - 10K
Predicate,https://schema.org/sharedContent-input,< 1K
Predicate,https://schema.org/sharedContent-output,< 1K
Predicate,https://schema.org/shippingConditions,10K - 100K
Predicate,https://schema.org/shippingConditions-input,< 1K
Predicate,https://schema.org/shippingConditions-output,< 1K
Predicate,https://schema.org/shippingDestination,100K - 1M
Predicate,https://schema.org/shippingDestination-input,< 1K
Predicate,https://schema.org/shippingDestination-output,< 1K
Predicate,https://schema.org/shippingDetails,100K - 1M
Predicate,https://schema.org/shippingDetails-input,< 1K
Predicate,https://schema.org/shippingDetails-output,< 1K
Predicate,https://schema.org/shippingLabel,10K - 100K
Predicate,https://schema.org/shippingLabel-input,< 1K
Predicate,https://schema.org/shippingLabel-output,< 1K
Predicate,https://schema.org/shippingOrigin,10K - 100K
Predicate,https://schema.org/shippingOrigin-input,< 1K
Predicate,https://schema.org/shippingOrigin-output,< 1K
Predicate,https://schema.org/shippingRate,100K - 1M
Predicate,https://schema.org/shippingRate-input,< 1K
Predicate,https://schema.org/shippingRate-output,< 1K
Predicate,https://schema.org/shippingSettingsLink,1K - 10K
Predicate,https://schema.org/shippingSettingsLink-input,< 1K
Predicate,https://schema.org/shippingSettingsLink-output,< 1K
Predicate,https://schema.org/sibling,< 1K
Predicate,https://schema.org/sibling-input,< 1K
Predicate,https://schema.org/sibling-output,< 1K
Predicate,https://schema.org/siblings,< 1K
Predicate,https://schema.org/siblings-input,< 1K
Predicate,https://schema.org/siblings-output,< 1K
Predicate,https://schema.org/signDetected,< 1K
Predicate,https://schema.org/signDetected-input,< 1K
Predicate,https://schema.org/signDetected-output,< 1K
Predicate,https://schema.org/signOrSymptom,1K - 10K
Predicate,https://schema.org/signOrSymptom-input,< 1K
Predicate,https://schema.org/signOrSymptom-output,< 1K
Predicate,https://schema.org/significance,< 1K
Predicate,https://schema.org/significance-input,< 1K
Predicate,https://schema.org/significance-output,< 1K
Predicate,https://schema.org/significantLink,10K - 100K
Predicate,https://schema.org/significantLink-input,< 1K
Predicate,https://schema.org/significantLink-output,< 1K
Predicate,https://schema.org/significantLinks,1K - 10K
Predicate,https://schema.org/significantLinks-input,< 1K
Predicate,https://schema.org/significantLinks-output,< 1K
Predicate,https://schema.org/size,10K - 100K
Predicate,https://schema.org/size-input,< 1K
Predicate,https://schema.org/size-output,< 1K
Predicate,https://schema.org/sizeGroup,< 1K
Predicate,https://schema.org/sizeGroup-input,< 1K
Predicate,https://schema.org/sizeGroup-output,< 1K
Predicate,https://schema.org/sizeSystem,< 1K
Predicate,https://schema.org/sizeSystem-input,< 1K
Predicate,https://schema.org/sizeSystem-output,< 1K
Predicate,https://schema.org/skills,10K - 100K
Predicate,https://schema.org/skills-input,< 1K
Predicate,https://schema.org/skills-output,< 1K
Predicate,https://schema.org/sku,1M - 10M
Predicate,https://schema.org/sku-input,< 1K
Predicate,https://schema.org/sku-output,< 1K
Predicate,https://schema.org/slogan,100K - 1M
Predicate,https://schema.org/slogan-input,< 1K
Predicate,https://schema.org/slogan-output,< 1K
Predicate,https://schema.org/smiles,< 1K
Predicate,https://schema.org/smiles-input,< 1K
Predicate,https://schema.org/smiles-output,< 1K
Predicate,https://schema.org/smokingAllowed,10K - 100K
Predicate,https://schema.org/smokingAllowed-input,< 1K
Predicate,https://schema.org/smokingAllowed-output,< 1K
Predicate,https://schema.org/sodiumContent,10K - 100K
Predicate,https://schema.org/sodiumContent-input,< 1K
Predicate,https://schema.org/sodiumContent-output,< 1K
Predicate,https://schema.org/softwareAddOn,< 1K
Predicate,https://schema.org/softwareAddOn-input,< 1K
Predicate,https://schema.org/softwareAddOn-output,< 1K
Predicate,https://schema.org/softwareHelp,10K - 100K
Predicate,https://schema.org/softwareHelp-input,< 1K
Predicate,https://schema.org/softwareHelp-output,< 1K
Predicate,https://schema.org/softwareRequirements,10K - 100K
Predicate,https://schema.org/softwareRequirements-input,< 1K
Predicate,https://schema.org/softwareRequirements-output,< 1K
Predicate,https://schema.org/softwareVersion,100K - 1M
Predicate,https://schema.org/softwareVersion-input,< 1K
Predicate,https://schema.org/softwareVersion-output,< 1K
Predicate,https://schema.org/source,1K - 10K
Predicate,https://schema.org/source-input,< 1K
Predicate,https://schema.org/source-output,< 1K
Predicate,https://schema.org/sourceOrganization,10K - 100K
Predicate,https://schema.org/sourceOrganization-input,< 1K
Predicate,https://schema.org/sourceOrganization-output,< 1K
Predicate,https://schema.org/sourcedFrom,< 1K
Predicate,https://schema.org/sourcedFrom-input,< 1K
Predicate,https://schema.org/sourcedFrom-output,< 1K
Predicate,https://schema.org/spatial,1K - 10K
Predicate,https://schema.org/spatial-input,< 1K
Predicate,https://schema.org/spatial-output,< 1K
Predicate,https://schema.org/spatialCoverage,10K - 100K
Predicate,https://schema.org/spatialCoverage-input,< 1K
Predicate,https://schema.org/spatialCoverage-output,< 1K
Predicate,https://schema.org/speakable,100K - 1M
Predicate,https://schema.org/speakable-input,< 1K
Predicate,https://schema.org/speakable-output,< 1K
Predicate,https://schema.org/specialCommitments,1K - 10K
Predicate,https://schema.org/specialCommitments-input,< 1K
Predicate,https://schema.org/specialCommitments-output,< 1K
Predicate,https://schema.org/specialOpeningHoursSpecification,1K - 10K
Predicate,https://schema.org/specialOpeningHoursSpecification-input,< 1K
Predicate,https://schema.org/specialOpeningHoursSpecification-output,< 1K
Predicate,https://schema.org/specialty,10K - 100K
Predicate,https://schema.org/specialty-input,< 1K
Predicate,https://schema.org/specialty-output,< 1K
Predicate,https://schema.org/speechToTextMarkup,< 1K
Predicate,https://schema.org/speechToTextMarkup-input,< 1K
Predicate,https://schema.org/speechToTextMarkup-output,< 1K
Predicate,https://schema.org/speed,1K - 10K
Predicate,https://schema.org/speed-input,< 1K
Predicate,https://schema.org/speed-output,< 1K
Predicate,https://schema.org/spokenByCharacter,1K - 10K
Predicate,https://schema.org/spokenByCharacter-input,< 1K
Predicate,https://schema.org/spokenByCharacter-output,< 1K
Predicate,https://schema.org/sponsor,10K - 100K
Predicate,https://schema.org/sponsor-input,< 1K
Predicate,https://schema.org/sponsor-output,< 1K
Predicate,https://schema.org/sport,10K - 100K
Predicate,https://schema.org/sport-input,< 1K
Predicate,https://schema.org/sport-output,< 1K
Predicate,https://schema.org/sportsActivityLocation,< 1K
Predicate,https://schema.org/sportsActivityLocation-input,< 1K
Predicate,https://schema.org/sportsActivityLocation-output,< 1K
Predicate,https://schema.org/sportsEvent,< 1K
Predicate,https://schema.org/sportsEvent-input,< 1K
Predicate,https://schema.org/sportsEvent-output,< 1K
Predicate,https://schema.org/sportsTeam,< 1K
Predicate,https://schema.org/sportsTeam-input,< 1K
Predicate,https://schema.org/sportsTeam-output,< 1K
Predicate,https://schema.org/spouse,1K - 10K
Predicate,https://schema.org/spouse-input,< 1K
Predicate,https://schema.org/spouse-output,< 1K
Predicate,https://schema.org/stage,< 1K
Predicate,https://schema.org/stage-input,< 1K
Predicate,https://schema.org/stage-output,< 1K
Predicate,https://schema.org/stageAsNumber,< 1K
Predicate,https://schema.org/stageAsNumber-input,< 1K
Predicate,https://schema.org/stageAsNumber-output,< 1K
Predicate,https://schema.org/starRating,10K - 100K
Predicate,https://schema.org/starRating-input,< 1K
Predicate,https://schema.org/starRating-output,< 1K
Predicate,https://schema.org/startDate,100K - 1M
Predicate,https://schema.org/startDate-input,< 1K
Predicate,https://schema.org/startDate-output,< 1K
Predicate,https://schema.org/startOffset,10K - 100K
Predicate,https://schema.org/startOffset-input,10K - 100K
Predicate,https://schema.org/startOffset-output,< 1K
Predicate,https://schema.org/startTime,1K - 10K
Predicate,https://schema.org/startTime-input,< 1K
Predicate,https://schema.org/startTime-output,< 1K
Predicate,https://schema.org/statType,< 1K
Predicate,https://schema.org/statType-input,< 1K
Predicate,https://schema.org/statType-output,< 1K
Predicate,https://schema.org/status,1K - 10K
Predicate,https://schema.org/status-input,< 1K
Predicate,https://schema.org/status-output,< 1K
Predicate,https://schema.org/steeringPosition,1K - 10K
Predicate,https://schema.org/steeringPosition-input,< 1K
Predicate,https://schema.org/steeringPosition-output,< 1K
Predicate,https://schema.org/step,100K - 1M
Predicate,https://schema.org/step-input,< 1K
Predicate,https://schema.org/step-output,< 1K
Predicate,https://schema.org/stepValue,< 1K
Predicate,https://schema.org/stepValue-input,< 1K
Predicate,https://schema.org/stepValue-output,< 1K
Predicate,https://schema.org/steps,< 1K
Predicate,https://schema.org/steps-input,< 1K
Predicate,https://schema.org/steps-output,< 1K
Predicate,https://schema.org/storageRequirements,10K - 100K
Predicate,https://schema.org/storageRequirements-input,< 1K
Predicate,https://schema.org/storageRequirements-output,< 1K
Predicate,https://schema.org/streetAddress,1M - 10M
Predicate,https://schema.org/streetAddress-input,< 1K
Predicate,https://schema.org/streetAddress-output,< 1K
Predicate,https://schema.org/strengthUnit,< 1K
Predicate,https://schema.org/strengthUnit-input,< 1K
Predicate,https://schema.org/strengthUnit-output,< 1K
Predicate,https://schema.org/strengthValue,< 1K
Predicate,https://schema.org/strengthValue-input,< 1K
Predicate,https://schema.org/strengthValue-output,< 1K
Predicate,https://schema.org/structuralClass,< 1K
Predicate,https://schema.org/structuralClass-input,< 1K
Predicate,https://schema.org/structuralClass-output,< 1K
Predicate,https://schema.org/study,< 1K
Predicate,https://schema.org/study-input,< 1K
Predicate,https://schema.org/study-output,< 1K
Predicate,https://schema.org/studyDesign,< 1K
Predicate,https://schema.org/studyDesign-input,< 1K
Predicate,https://schema.org/studyDesign-output,< 1K
Predicate,https://schema.org/studyLocation,< 1K
Predicate,https://schema.org/studyLocation-input,< 1K
Predicate,https://schema.org/studyLocation-output,< 1K
Predicate,https://schema.org/studySubject,< 1K
Predicate,https://schema.org/studySubject-input,< 1K
Predicate,https://schema.org/studySubject-output,< 1K
Predicate,https://schema.org/stupidProperty,< 1K
Predicate,https://schema.org/stupidProperty-input,< 1K
Predicate,https://schema.org/stupidProperty-output,< 1K
Predicate,https://schema.org/subEvent,1K - 10K
Predicate,https://schema.org/subEvent-input,< 1K
Predicate,https://schema.org/subEvent-output,< 1K
Predicate,https://schema.org/subEvents,< 1K
Predicate,https://schema.org/subEvents-input,< 1K
Predicate,https://schema.org/subEvents-output,< 1K
Predicate,https://schema.org/subOrganization,10K - 100K
Predicate,https://schema.org/subOrganization-input,< 1K
Predicate,https://schema.org/subOrganization-output,< 1K
Predicate,https://schema.org/subReservation,< 1K
Predicate,https://schema.org/subReservation-input,< 1K
Predicate,https://schema.org/subReservation-output,< 1K
Predicate,https://schema.org/subStageSuffix,< 1K
Predicate,https://schema.org/subStageSuffix-input,< 1K
Predicate,https://schema.org/subStageSuffix-output,< 1K
Predicate,https://schema.org/subStructure,< 1K
Predicate,https://schema.org/subStructure-input,< 1K
Predicate,https://schema.org/subStructure-output,< 1K
Predicate,https://schema.org/subTest,< 1K
Predicate,https://schema.org/subTest-input,< 1K
Predicate,https://schema.org/subTest-output,< 1K
Predicate,https://schema.org/subTrip,< 1K
Predicate,https://schema.org/subTrip-input,< 1K
Predicate,https://schema.org/subTrip-output,< 1K
Predicate,https://schema.org/subjectOf,100K - 1M
Predicate,https://schema.org/subjectOf-input,< 1K
Predicate,https://schema.org/subjectOf-output,< 1K
Predicate,https://schema.org/subtitleLanguage,< 1K
Predicate,https://schema.org/subtitleLanguage-input,< 1K
Predicate,https://schema.org/subtitleLanguage-output,< 1K
Predicate,https://schema.org/successorOf,< 1K
Predicate,https://schema.org/successorOf-input,< 1K
Predicate,https://schema.org/successorOf-output,< 1K
Predicate,https://schema.org/sugarContent,10K - 100K
Predicate,https://schema.org/sugarContent-input,< 1K
Predicate,https://schema.org/sugarContent-output,< 1K
Predicate,https://schema.org/suggestedAge,1K - 10K
Predicate,https://schema.org/suggestedAge-input,< 1K
Predicate,https://schema.org/suggestedAge-output,< 1K
Predicate,https://schema.org/suggestedAnswer,10K - 100K
Predicate,https://schema.org/suggestedAnswer-input,< 1K
Predicate,https://schema.org/suggestedAnswer-output,< 1K
Predicate,https://schema.org/suggestedGender,10K - 100K
Predicate,https://schema.org/suggestedGender-input,< 1K
Predicate,https://schema.org/suggestedGender-output,< 1K
Predicate,https://schema.org/suggestedMaxAge,1K - 10K
Predicate,https://schema.org/suggestedMaxAge-input,< 1K
Predicate,https://schema.org/suggestedMaxAge-output,< 1K
Predicate,https://schema.org/suggestedMeasurement,< 1K
Predicate,https://schema.org/suggestedMeasurement-input,< 1K
Predicate,https://schema.org/suggestedMeasurement-output,< 1K
Predicate,https://schema.org/suggestedMinAge,10K - 100K
Predicate,https://schema.org/suggestedMinAge-input,< 1K
Predicate,https://schema.org/suggestedMinAge-output,< 1K
Predicate,https://schema.org/suitableForDiet,10K - 100K
Predicate,https://schema.org/suitableForDiet-input,< 1K
Predicate,https://schema.org/suitableForDiet-output,< 1K
Predicate,https://schema.org/superEvent,1K - 10K
Predicate,https://schema.org/superEvent-input,< 1K
Predicate,https://schema.org/superEvent-output,< 1K
Predicate,https://schema.org/supersededBy,1K - 10K
Predicate,https://schema.org/supersededBy-input,< 1K
Predicate,https://schema.org/supersededBy-output,< 1K
Predicate,https://schema.org/supply,10K - 100K
Predicate,https://schema.org/supply-input,< 1K
Predicate,https://schema.org/supply-output,< 1K
Predicate,https://schema.org/supplyTo,< 1K
Predicate,https://schema.org/supplyTo-input,< 1K
Predicate,https://schema.org/supplyTo-output,< 1K
Predicate,https://schema.org/supportingData,< 1K
Predicate,https://schema.org/supportingData-input,< 1K
Predicate,https://schema.org/supportingData-output,< 1K
Predicate,https://schema.org/surface,< 1K
Predicate,https://schema.org/surface-input,< 1K
Predicate,https://schema.org/surface-output,< 1K
Predicate,https://schema.org/syllabusSections,1K - 10K
Predicate,https://schema.org/syllabusSections-input,< 1K
Predicate,https://schema.org/syllabusSections-output,< 1K
Predicate,https://schema.org/target,10M+
Predicate,https://schema.org/target-input,< 1K
Predicate,https://schema.org/target-output,< 1K
Predicate,https://schema.org/targetCollection,< 1K
Predicate,https://schema.org/targetCollection-input,< 1K
Predicate,https://schema.org/targetCollection-output,< 1K
Predicate,https://schema.org/targetDescription,< 1K
Predicate,https://schema.org/targetDescription-input,< 1K
Predicate,https://schema.org/targetDescription-output,< 1K
Predicate,https://schema.org/targetName,1K - 10K
Predicate,https://schema.org/targetName-input,< 1K
Predicate,https://schema.org/targetName-output,< 1K
Predicate,https://schema.org/targetPlatform,< 1K
Predicate,https://schema.org/targetPlatform-input,< 1K
Predicate,https://schema.org/targetPlatform-output,< 1K
Predicate,https://schema.org/targetPopulation,< 1K
Predicate,https://schema.org/targetPopulation-input,< 1K
Predicate,https://schema.org/targetPopulation-output,< 1K
Predicate,https://schema.org/targetProduct,< 1K
Predicate,https://schema.org/targetProduct-input,< 1K
Predicate,https://schema.org/targetProduct-output,< 1K
Predicate,https://schema.org/targetUrl,< 1K
Predicate,https://schema.org/targetUrl-input,< 1K
Predicate,https://schema.org/targetUrl-output,< 1K
Predicate,https://schema.org/taxID,100K - 1M
Predicate,https://schema.org/taxID-input,< 1K
Predicate,https://schema.org/taxID-output,< 1K
Predicate,https://schema.org/taxonRank,< 1K
Predicate,https://schema.org/taxonRank-input,< 1K
Predicate,https://schema.org/taxonRank-output,< 1K
Predicate,https://schema.org/taxonomicRange,< 1K
Predicate,https://schema.org/taxonomicRange-input,< 1K
Predicate,https://schema.org/taxonomicRange-output,< 1K
Predicate,https://schema.org/teaches,10K - 100K
Predicate,https://schema.org/teaches-input,< 1K
Predicate,https://schema.org/teaches-output,< 1K
Predicate,https://schema.org/telephone,1M - 10M
Predicate,https://schema.org/telephone-input,< 1K
Predicate,https://schema.org/telephone-output,< 1K
Predicate,https://schema.org/temporal,< 1K
Predicate,https://schema.org/temporal-input,< 1K
Predicate,https://schema.org/temporal-output,< 1K
Predicate,https://schema.org/temporalCoverage,10K - 100K
Predicate,https://schema.org/temporalCoverage-input,< 1K
Predicate,https://schema.org/temporalCoverage-output,< 1K
Predicate,https://schema.org/termCode,1K - 10K
Predicate,https://schema.org/termCode-input,< 1K
Predicate,https://schema.org/termCode-output,< 1K
Predicate,https://schema.org/termDuration,< 1K
Predicate,https://schema.org/termDuration-input,< 1K
Predicate,https://schema.org/termDuration-output,< 1K
Predicate,https://schema.org/termsOfService,10K - 100K
Predicate,https://schema.org/termsOfService-input,< 1K
Predicate,https://schema.org/termsOfService-output,< 1K
Predicate,https://schema.org/termsPerYear,< 1K
Predicate,https://schema.org/termsPerYear-input,< 1K
Predicate,https://schema.org/termsPerYear-output,< 1K
Predicate,https://schema.org/text,10M+
Predicate,https://schema.org/text-input,< 1K
Predicate,https://schema.org/text-output,< 1K
Predicate,https://schema.org/textValue,< 1K
Predicate,https://schema.org/textValue-input,< 1K
Predicate,https://schema.org/textValue-output,< 1K
Predicate,https://schema.org/thumbnail,100K - 1M
Predicate,https://schema.org/thumbnail-input,< 1K
Predicate,https://schema.org/thumbnail-output,< 1K
Predicate,https://schema.org/thumbnailUrl,10M+
Predicate,https://schema.org/thumbnailUrl-input,< 1K
Predicate,https://schema.org/thumbnailUrl-output,< 1K
Predicate,https://schema.org/tickerSymbol,1K - 10K
Predicate,https://schema.org/tickerSymbol-input,< 1K
Predicate,https://schema.org/tickerSymbol-output,< 1K
Predicate,https://schema.org/ticketNumber,< 1K
Predicate,https://schema.org/ticketNumber-input,< 1K
Predicate,https://schema.org/ticketNumber-output,< 1K
Predicate,https://schema.org/ticketToken,< 1K
Predicate,https://schema.org/ticketToken-input,< 1K
Predicate,https://schema.org/ticketToken-output,< 1K
Predicate,https://schema.org/ticketedSeat,< 1K
Predicate,https://schema.org/ticketedSeat-input,< 1K
Predicate,https://schema.org/ticketedSeat-output,< 1K
Predicate,https://schema.org/timeOfDay,< 1K
Predicate,https://schema.org/timeOfDay-input,< 1K
Predicate,https://schema.org/timeOfDay-output,< 1K
Predicate,https://schema.org/timeRequired,100K - 1M
Predicate,https://schema.org/timeRequired-input,< 1K
Predicate,https://schema.org/timeRequired-output,< 1K
Predicate,https://schema.org/timeToComplete,1K - 10K
Predicate,https://schema.org/timeToComplete-input,< 1K
Predicate,https://schema.org/timeToComplete-output,< 1K
Predicate,https://schema.org/timestamp,1K - 10K
Predicate,https://schema.org/timestamp-input,< 1K
Predicate,https://schema.org/timestamp-output,< 1K
Predicate,https://schema.org/tissueSample,< 1K
Predicate,https://schema.org/tissueSample-input,< 1K
Predicate,https://schema.org/tissueSample-output,< 1K
Predicate,https://schema.org/title,100K - 1M
Predicate,https://schema.org/title-input,< 1K
Predicate,https://schema.org/title-output,< 1K
Predicate,https://schema.org/titleEIDR,< 1K
Predicate,https://schema.org/titleEIDR-input,< 1K
Predicate,https://schema.org/titleEIDR-output,< 1K
Predicate,https://schema.org/toLocation,1K - 10K
Predicate,https://schema.org/toLocation-input,< 1K
Predicate,https://schema.org/toLocation-output,< 1K
Predicate,https://schema.org/toRecipient,< 1K
Predicate,https://schema.org/toRecipient-input,< 1K
Predicate,https://schema.org/toRecipient-output,< 1K
Predicate,https://schema.org/tocContinuation,< 1K
Predicate,https://schema.org/tocContinuation-input,< 1K
Predicate,https://schema.org/tocContinuation-output,< 1K
Predicate,https://schema.org/tocEntry,< 1K
Predicate,https://schema.org/tocEntry-input,< 1K
Predicate,https://schema.org/tocEntry-output,< 1K
Predicate,https://schema.org/tongueWeight,< 1K
Predicate,https://schema.org/tongueWeight-input,< 1K
Predicate,https://schema.org/tongueWeight-output,< 1K
Predicate,https://schema.org/tool,10K - 100K
Predicate,https://schema.org/tool-input,< 1K
Predicate,https://schema.org/tool-output,< 1K
Predicate,https://schema.org/torque,1K - 10K
Predicate,https://schema.org/torque-input,< 1K
Predicate,https://schema.org/torque-output,< 1K
Predicate,https://schema.org/totalHistoricalEnrollment,< 1K
Predicate,https://schema.org/totalHistoricalEnrollment-input,< 1K
Predicate,https://schema.org/totalHistoricalEnrollment-output,< 1K
Predicate,https://schema.org/totalJobOpenings,1K - 10K
Predicate,https://schema.org/totalJobOpenings-input,< 1K
Predicate,https://schema.org/totalJobOpenings-output,< 1K
Predicate,https://schema.org/totalPaymentDue,< 1K
Predicate,https://schema.org/totalPaymentDue-input,< 1K
Predicate,https://schema.org/totalPaymentDue-output,< 1K
Predicate,https://schema.org/totalPrice,< 1K
Predicate,https://schema.org/totalPrice-input,< 1K
Predicate,https://schema.org/totalPrice-output,< 1K
Predicate,https://schema.org/totalTime,100K - 1M
Predicate,https://schema.org/totalTime-input,< 1K
Predicate,https://schema.org/totalTime-output,< 1K
Predicate,https://schema.org/tourBookingPage,10K - 100K
Predicate,https://schema.org/tourBookingPage-input,< 1K
Predicate,https://schema.org/tourBookingPage-output,< 1K
Predicate,https://schema.org/touristType,10K - 100K
Predicate,https://schema.org/touristType-input,< 1K
Predicate,https://schema.org/touristType-output,< 1K
Predicate,https://schema.org/track,10K - 100K
Predicate,https://schema.org/track-input,< 1K
Predicate,https://schema.org/track-output,< 1K
Predicate,https://schema.org/trackingNumber,< 1K
Predicate,https://schema.org/trackingNumber-input,< 1K
Predicate,https://schema.org/trackingNumber-output,< 1K
Predicate,https://schema.org/trackingUrl,< 1K
Predicate,https://schema.org/trackingUrl-input,< 1K
Predicate,https://schema.org/trackingUrl-output,< 1K
Predicate,https://schema.org/tracks,< 1K
Predicate,https://schema.org/tracks-input,< 1K
Predicate,https://schema.org/tracks-output,< 1K
Predicate,https://schema.org/trailer,1K - 10K
Predicate,https://schema.org/trailer-input,< 1K
Predicate,https://schema.org/trailer-output,< 1K
Predicate,https://schema.org/trailerWeight,< 1K
Predicate,https://schema.org/trailerWeight-input,< 1K
Predicate,https://schema.org/trailerWeight-output,< 1K
Predicate,https://schema.org/trainName,< 1K
Predicate,https://schema.org/trainName-input,< 1K
Predicate,https://schema.org/trainName-output,< 1K
Predicate,https://schema.org/trainNumber,< 1K
Predicate,https://schema.org/trainNumber-input,< 1K
Predicate,https://schema.org/trainNumber-output,< 1K
Predicate,https://schema.org/trainingSalary,< 1K
Predicate,https://schema.org/trainingSalary-input,< 1K
Predicate,https://schema.org/trainingSalary-output,< 1K
Predicate,https://schema.org/transFatContent,10K - 100K
Predicate,https://schema.org/transFatContent-input,< 1K
Predicate,https://schema.org/transFatContent-output,< 1K
Predicate,https://schema.org/transcript,10K - 100K
Predicate,https://schema.org/transcript-input,< 1K
Predicate,https://schema.org/transcript-output,< 1K
Predicate,https://schema.org/transitTime,100K - 1M
Predicate,https://schema.org/transitTime-input,< 1K
Predicate,https://schema.org/transitTime-output,< 1K
Predicate,https://schema.org/transitTimeLabel,< 1K
Predicate,https://schema.org/transitTimeLabel-input,< 1K
Predicate,https://schema.org/transitTimeLabel-output,< 1K
Predicate,https://schema.org/translationOfWork,1K - 10K
Predicate,https://schema.org/translationOfWork-input,< 1K
Predicate,https://schema.org/translationOfWork-output,< 1K
Predicate,https://schema.org/translator,1K - 10K
Predicate,https://schema.org/translator-input,< 1K
Predicate,https://schema.org/translator-output,< 1K
Predicate,https://schema.org/transmissionMethod,< 1K
Predicate,https://schema.org/transmissionMethod-input,< 1K
Predicate,https://schema.org/transmissionMethod-output,< 1K
Predicate,https://schema.org/travelBans,< 1K
Predicate,https://schema.org/travelBans-input,< 1K
Predicate,https://schema.org/travelBans-output,< 1K
Predicate,https://schema.org/trialDesign,< 1K
Predicate,https://schema.org/trialDesign-input,< 1K
Predicate,https://schema.org/trialDesign-output,< 1K
Predicate,https://schema.org/tributary,< 1K
Predicate,https://schema.org/tributary-input,< 1K
Predicate,https://schema.org/tributary-output,< 1K
Predicate,https://schema.org/tripOrigin,< 1K
Predicate,https://schema.org/tripOrigin-input,< 1K
Predicate,https://schema.org/tripOrigin-output,< 1K
Predicate,https://schema.org/typeOfBed,10K - 100K
Predicate,https://schema.org/typeOfBed-input,< 1K
Predicate,https://schema.org/typeOfBed-output,< 1K
Predicate,https://schema.org/typeOfGood,1K - 10K
Predicate,https://schema.org/typeOfGood-input,< 1K
Predicate,https://schema.org/typeOfGood-output,< 1K
Predicate,https://schema.org/typicalAgeRange,10K - 100K
Predicate,https://schema.org/typicalAgeRange-input,< 1K
Predicate,https://schema.org/typicalAgeRange-output,< 1K
Predicate,https://schema.org/typicalCreditsPerTerm,< 1K
Predicate,https://schema.org/typicalCreditsPerTerm-input,< 1K
Predicate,https://schema.org/typicalCreditsPerTerm-output,< 1K
Predicate,https://schema.org/typicalTest,1K - 10K
Predicate,https://schema.org/typicalTest-input,< 1K
Predicate,https://schema.org/typicalTest-output,< 1K
Predicate,https://schema.org/underName,< 1K
Predicate,https://schema.org/underName-input,< 1K
Predicate,https://schema.org/underName-output,< 1K
Predicate,https://schema.org/unitCode,1M - 10M
Predicate,https://schema.org/unitCode-input,< 1K
Predicate,https://schema.org/unitCode-output,< 1K
Predicate,https://schema.org/unitText,100K - 1M
Predicate,https://schema.org/unitText-input,< 1K
Predicate,https://schema.org/unitText-output,< 1K
Predicate,https://schema.org/unnamedSourcesPolicy,1K - 10K
Predicate,https://schema.org/unnamedSourcesPolicy-input,< 1K
Predicate,https://schema.org/unnamedSourcesPolicy-output,< 1K
Predicate,https://schema.org/unsaturatedFatContent,10K - 100K
Predicate,https://schema.org/unsaturatedFatContent-input,< 1K
Predicate,https://schema.org/unsaturatedFatContent-output,< 1K
Predicate,https://schema.org/uploadDate,1M - 10M
Predicate,https://schema.org/uploadDate-input,< 1K
Predicate,https://schema.org/uploadDate-output,< 1K
Predicate,https://schema.org/upvoteCount,10K - 100K
Predicate,https://schema.org/upvoteCount-input,< 1K
Predicate,https://schema.org/upvoteCount-output,< 1K
Predicate,https://schema.org/url,10M+
Predicate,https://schema.org/url-input,< 1K
Predicate,https://schema.org/url-output,< 1K
Predicate,https://schema.org/urlTemplate,10M+
Predicate,https://schema.org/urlTemplate-input,< 1K
Predicate,https://schema.org/urlTemplate-output,< 1K
Predicate,https://schema.org/usNPI,< 1K
Predicate,https://schema.org/usNPI-input,< 1K
Predicate,https://schema.org/usNPI-output,< 1K
Predicate,https://schema.org/usageInfo,1K - 10K
Predicate,https://schema.org/usageInfo-input,< 1K
Predicate,https://schema.org/usageInfo-output,< 1K
Predicate,https://schema.org/usedToDiagnose,1K - 10K
Predicate,https://schema.org/usedToDiagnose-input,< 1K
Predicate,https://schema.org/usedToDiagnose-output,< 1K
Predicate,https://schema.org/userInteractionCount,100K - 1M
Predicate,https://schema.org/userInteractionCount-input,< 1K
Predicate,https://schema.org/userInteractionCount-output,< 1K
Predicate,https://schema.org/usesDevice,< 1K
Predicate,https://schema.org/usesDevice-input,< 1K
Predicate,https://schema.org/usesDevice-output,< 1K
Predicate,https://schema.org/usesHealthPlanIdStandard,< 1K
Predicate,https://schema.org/usesHealthPlanIdStandard-input,< 1K
Predicate,https://schema.org/usesHealthPlanIdStandard-output,< 1K
Predicate,https://schema.org/utterances,< 1K
Predicate,https://schema.org/utterances-input,< 1K
Predicate,https://schema.org/utterances-output,< 1K
Predicate,https://schema.org/validFor,< 1K
Predicate,https://schema.org/validFor-input,< 1K
Predicate,https://schema.org/validFor-output,< 1K
Predicate,https://schema.org/validForMemberTier,< 1K
Predicate,https://schema.org/validForMemberTier-input,< 1K
Predicate,https://schema.org/validForMemberTier-output,< 1K
Predicate,https://schema.org/validFrom,100K - 1M
Predicate,https://schema.org/validFrom-input,< 1K
Predicate,https://schema.org/validFrom-output,< 1K
Predicate,https://schema.org/validIn,1K - 10K
Predicate,https://schema.org/validIn-input,< 1K
Predicate,https://schema.org/validIn-output,< 1K
Predicate,https://schema.org/validThrough,1M - 10M
Predicate,https://schema.org/validThrough-input,< 1K
Predicate,https://schema.org/validThrough-output,< 1K
Predicate,https://schema.org/validUntil,1K - 10K
Predicate,https://schema.org/validUntil-input,< 1K
Predicate,https://schema.org/validUntil-output,< 1K
Predicate,https://schema.org/value,1M - 10M
Predicate,https://schema.org/value-input,< 1K
Predicate,https://schema.org/value-output,< 1K
Predicate,https://schema.org/valueAddedTaxIncluded,1M - 10M
Predicate,https://schema.org/valueAddedTaxIncluded-input,< 1K
Predicate,https://schema.org/valueAddedTaxIncluded-output,< 1K
Predicate,https://schema.org/valueMaxLength,1K - 10K
Predicate,https://schema.org/valueMaxLength-input,< 1K
Predicate,https://schema.org/valueMaxLength-output,< 1K
Predicate,https://schema.org/valueMinLength,< 1K
Predicate,https://schema.org/valueMinLength-input,< 1K
Predicate,https://schema.org/valueMinLength-output,< 1K
Predicate,https://schema.org/valueName,10M+
Predicate,https://schema.org/valueName-input,< 1K
Predicate,https://schema.org/valueName-output,< 1K
Predicate,https://schema.org/valuePattern,< 1K
Predicate,https://schema.org/valuePattern-input,< 1K
Predicate,https://schema.org/valuePattern-output,< 1K
Predicate,https://schema.org/valueReference,1K - 10K
Predicate,https://schema.org/valueReference-input,< 1K
Predicate,https://schema.org/valueReference-output,< 1K
Predicate,https://schema.org/valueRequired,10M+
Predicate,https://schema.org/valueRequired-input,< 1K
Predicate,https://schema.org/valueRequired-output,< 1K
Predicate,https://schema.org/variableMeasured,10K - 100K
Predicate,https://schema.org/variableMeasured-input,< 1K
Predicate,https://schema.org/variableMeasured-output,< 1K
Predicate,https://schema.org/variablesMeasured,< 1K
Predicate,https://schema.org/variablesMeasured-input,< 1K
Predicate,https://schema.org/variablesMeasured-output,< 1K
Predicate,https://schema.org/variantCover,< 1K
Predicate,https://schema.org/variantCover-input,< 1K
Predicate,https://schema.org/variantCover-output,< 1K
Predicate,https://schema.org/variesBy,100K - 1M
Predicate,https://schema.org/variesBy-input,< 1K
Predicate,https://schema.org/variesBy-output,< 1K
Predicate,https://schema.org/vatID,100K - 1M
Predicate,https://schema.org/vatID-input,< 1K
Predicate,https://schema.org/vatID-output,< 1K
Predicate,https://schema.org/vehicleConfiguration,10K - 100K
Predicate,https://schema.org/vehicleConfiguration-input,< 1K
Predicate,https://schema.org/vehicleConfiguration-output,< 1K
Predicate,https://schema.org/vehicleEngine,10K - 100K
Predicate,https://schema.org/vehicleEngine-input,< 1K
Predicate,https://schema.org/vehicleEngine-output,< 1K
Predicate,https://schema.org/vehicleIdentificationNumber,10K - 100K
Predicate,https://schema.org/vehicleIdentificationNumber-input,< 1K
Predicate,https://schema.org/vehicleIdentificationNumber-output,< 1K
Predicate,https://schema.org/vehicleInteriorColor,10K - 100K
Predicate,https://schema.org/vehicleInteriorColor-input,< 1K
Predicate,https://schema.org/vehicleInteriorColor-output,< 1K
Predicate,https://schema.org/vehicleInteriorType,10K - 100K
Predicate,https://schema.org/vehicleInteriorType-input,< 1K
Predicate,https://schema.org/vehicleInteriorType-output,< 1K
Predicate,https://schema.org/vehicleModelDate,10K - 100K
Predicate,https://schema.org/vehicleModelDate-input,< 1K
Predicate,https://schema.org/vehicleModelDate-output,< 1K
Predicate,https://schema.org/vehicleSeatingCapacity,10K - 100K
Predicate,https://schema.org/vehicleSeatingCapacity-input,< 1K
Predicate,https://schema.org/vehicleSeatingCapacity-output,< 1K
Predicate,https://schema.org/vehicleSpecialUsage,< 1K
Predicate,https://schema.org/vehicleSpecialUsage-input,< 1K
Predicate,https://schema.org/vehicleSpecialUsage-output,< 1K
Predicate,https://schema.org/vehicleTransmission,10K - 100K
Predicate,https://schema.org/vehicleTransmission-input,< 1K
Predicate,https://schema.org/vehicleTransmission-output,< 1K
Predicate,https://schema.org/vendor,< 1K
Predicate,https://schema.org/vendor-input,< 1K
Predicate,https://schema.org/vendor-output,< 1K
Predicate,https://schema.org/verificationFactCheckingPolicy,1K - 10K
Predicate,https://schema.org/verificationFactCheckingPolicy-input,< 1K
Predicate,https://schema.org/verificationFactCheckingPolicy-output,< 1K
Predicate,https://schema.org/version,10K - 100K
Predicate,https://schema.org/version-input,< 1K
Predicate,https://schema.org/version-output,< 1K
Predicate,https://schema.org/video,100K - 1M
Predicate,https://schema.org/video-input,< 1K
Predicate,https://schema.org/video-output,< 1K
Predicate,https://schema.org/videoFormat,1K - 10K
Predicate,https://schema.org/videoFormat-input,< 1K
Predicate,https://schema.org/videoFormat-output,< 1K
Predicate,https://schema.org/videoFrameSize,< 1K
Predicate,https://schema.org/videoFrameSize-input,< 1K
Predicate,https://schema.org/videoFrameSize-output,< 1K
Predicate,https://schema.org/videoQuality,10K - 100K
Predicate,https://schema.org/videoQuality-input,< 1K
Predicate,https://schema.org/videoQuality-output,< 1K
Predicate,https://schema.org/volumeNumber,1K - 10K
Predicate,https://schema.org/volumeNumber-input,< 1K
Predicate,https://schema.org/volumeNumber-output,< 1K
Predicate,https://schema.org/warning,1K - 10K
Predicate,https://schema.org/warning-input,< 1K
Predicate,https://schema.org/warning-output,< 1K
Predicate,https://schema.org/warranty,10K - 100K
Predicate,https://schema.org/warranty-input,< 1K
Predicate,https://schema.org/warranty-output,< 1K
Predicate,https://schema.org/warrantyPromise,< 1K
Predicate,https://schema.org/warrantyPromise-input,< 1K
Predicate,https://schema.org/warrantyPromise-output,< 1K
Predicate,https://schema.org/warrantyScope,1K - 10K
Predicate,https://schema.org/warrantyScope-input,< 1K
Predicate,https://schema.org/warrantyScope-output,< 1K
Predicate,https://schema.org/webCheckinTime,< 1K
Predicate,https://schema.org/webCheckinTime-input,< 1K
Predicate,https://schema.org/webCheckinTime-output,< 1K
Predicate,https://schema.org/webFeed,10K - 100K
Predicate,https://schema.org/webFeed-input,< 1K
Predicate,https://schema.org/webFeed-output,< 1K
Predicate,https://schema.org/weight,100K - 1M
Predicate,https://schema.org/weight-input,< 1K
Predicate,https://schema.org/weight-output,< 1K
Predicate,https://schema.org/weightPercentage,< 1K
Predicate,https://schema.org/weightPercentage-input,< 1K
Predicate,https://schema.org/weightPercentage-output,< 1K
Predicate,https://schema.org/weightTotal,1K - 10K
Predicate,https://schema.org/weightTotal-input,< 1K
Predicate,https://schema.org/weightTotal-output,< 1K
Predicate,https://schema.org/wheelbase,1K - 10K
Predicate,https://schema.org/wheelbase-input,< 1K
Predicate,https://schema.org/wheelbase-output,< 1K
Predicate,https://schema.org/width,10M+
Predicate,https://schema.org/width-input,< 1K
Predicate,https://schema.org/width-output,< 1K
Predicate,https://schema.org/winner,< 1K
Predicate,https://schema.org/winner-input,< 1K
Predicate,https://schema.org/winner-output,< 1K
Predicate,https://schema.org/wordCount,1M - 10M
Predicate,https://schema.org/wordCount-input,< 1K
Predicate,https://schema.org/wordCount-output,< 1K
Predicate,https://schema.org/workExample,1K - 10K
Predicate,https://schema.org/workExample-input,< 1K
Predicate,https://schema.org/workExample-output,< 1K
Predicate,https://schema.org/workFeatured,< 1K
Predicate,https://schema.org/workFeatured-input,< 1K
Predicate,https://schema.org/workFeatured-output,< 1K
Predicate,https://schema.org/workHours,10K - 100K
Predicate,https://schema.org/workHours-input,< 1K
Predicate,https://schema.org/workHours-output,< 1K
Predicate,https://schema.org/workLocation,10K - 100K
Predicate,https://schema.org/workLocation-input,< 1K
Predicate,https://schema.org/workLocation-output,< 1K
Predicate,https://schema.org/workPerformed,1K - 10K
Predicate,https://schema.org/workPerformed-input,< 1K
Predicate,https://schema.org/workPerformed-output,< 1K
Predicate,https://schema.org/workPresented,1K - 10K
Predicate,https://schema.org/workPresented-input,< 1K
Predicate,https://schema.org/workPresented-output,< 1K
Predicate,https://schema.org/workTranslation,10K - 100K
Predicate,https://schema.org/workTranslation-input,< 1K
Predicate,https://schema.org/workTranslation-output,< 1K
Predicate,https://schema.org/workload,< 1K
Predicate,https://schema.org/workload-input,< 1K
Predicate,https://schema.org/workload-output,< 1K
Predicate,https://schema.org/worksFor,1M - 10M
Predicate,https://schema.org/worksFor-input,< 1K
Predicate,https://schema.org/worksFor-output,< 1K
Predicate,https://schema.org/worstRating,1M - 10M
Predicate,https://schema.org/worstRating-input,< 1K
Predicate,https://schema.org/worstRating-output,< 1K
Predicate,https://schema.org/xpath,10K - 100K
Predicate,https://schema.org/xpath-input,< 1K
Predicate,https://schema.org/xpath-output,< 1K
Predicate,https://schema.org/yearBuilt,10K - 100K
Predicate,https://schema.org/yearBuilt-input,< 1K
Predicate,https://schema.org/yearBuilt-output,< 1K
Predicate,https://schema.org/yearlyRevenue,< 1K
Predicate,https://schema.org/yearlyRevenue-input,< 1K
Predicate,https://schema.org/yearlyRevenue-output,< 1K
Predicate,https://schema.org/yearsInOperation,< 1K
Predicate,https://schema.org/yearsInOperation-input,< 1K
Predicate,https://schema.org/yearsInOperation-output,< 1K
Predicate,https://schema.org/yield,1K - 10K
Predicate,https://schema.org/yield-input,< 1K
Predicate,https://schema.org/yield-output,< 1K
